Sample ID,Study,Project ID,Condition ID,Replicate #,Strain Description,Strain,Base Media,Carbon Source (g/L),Nitrogen Source (g/L),Electron Acceptor,Trace Element Mixture,Supplement,Temperature (C),pH,Antibiotic,Culture Type,Growth Rate (1/hr),Evolved Sample,Isolate Type,Sequencing Machine,ALEdb sample,Additional Details,Biological Replicates,Alignment,DOI,GEO
control__wt_glc__1,Control,control,wt_glc,1,Escherichia coli K-12 MG1655,MG1655,M9,glucose(2),NH4Cl(1),O2,sauer trace element mixture,,37,7,,Batch,,No,,MiSeq,,,2,94.33,doi.org/10.1101/080929,GSE65643
control__wt_glc__2,Control,control,wt_glc,2,Escherichia coli K-12 MG1655,MG1655,M9,glucose(2),NH4Cl(1),O2,sauer trace element mixture,,37,7,,Batch,,No,,MiSeq,,,2,94.24,doi.org/10.1101/080929,GSE65643
fur__wt_dpd__1,Fur,fur,wt_dpd,1,Escherichia coli K-12 MG1655,MG1655,M9,glucose(2),NH4Cl(1),O2,,DPD (0.2mM),37,7,,Batch,0,No,,MiSeq,,,2,98.04,doi.org/10.1038/ncomms5910,GSE54900
fur__wt_dpd__2,Fur,fur,wt_dpd,2,Escherichia coli K-12 MG1655,MG1655,M9,glucose(2),NH4Cl(1),O2,,DPD (0.2mM),37,7,,Batch,0,No,,MiSeq,,,2,98.3,doi.org/10.1038/ncomms5910,GSE54900
fur__wt_fe__1,Fur,fur,wt_fe,1,Escherichia coli K-12 MG1655,MG1655,M9,glucose(2),NH4Cl(1),O2,,FeCl2 (0.1mM),37,7,,Batch,1.06,No,,MiSeq,,,2,93.35,doi.org/10.1038/ncomms5910,GSE54900
fur__wt_fe__2,Fur,fur,wt_fe,2,Escherichia coli K-12 MG1655,MG1655,M9,glucose(2),NH4Cl(1),O2,,FeCl2 (0.1mM),37,7,,Batch,1.06,No,,MiSeq,,,2,92.38,doi.org/10.1038/ncomms5910,GSE54900
fur__delfur_dpd__1,Fur,fur,delfur_dpd,1,Escherichia coli K-12 MG1655 del_fur,MG1655,M9,glucose(2),NH4Cl(1),O2,,DPD (0.2mM),37,7,Kanamycin,Batch,0,No,,MiSeq,,,2,98.07,doi.org/10.1038/ncomms5910,GSE54900
fur__delfur_dpd__2,Fur,fur,delfur_dpd,2,Escherichia coli K-12 MG1655 del_fur,MG1655,M9,glucose(2),NH4Cl(1),O2,,DPD (0.2mM),37,7,Kanamycin,Batch,0,No,,MiSeq,,,2,98.31,doi.org/10.1038/ncomms5910,GSE54900
fur__delfur_fe2__1,Fur,fur,delfur_fe2,1,Escherichia coli K-12 MG1655 del_fur,MG1655,M9,glucose(2),NH4Cl(1),O2,,FeCl2 (0.1mM),37,7,Kanamycin,Batch,0.62,No,,MiSeq,,,2,92.8,doi.org/10.1038/ncomms5910,GSE54900
fur__delfur_fe2__2,Fur,fur,delfur_fe2,2,Escherichia coli K-12 MG1655 del_fur,MG1655,M9,glucose(2),NH4Cl(1),O2,,FeCl2 (0.1mM),37,7,Kanamycin,Batch,0.62,No,,MiSeq,,,2,93.24,doi.org/10.1038/ncomms5910,GSE54900
acid__wt_ph5__1,Acid,acid,wt_ph5,1,Escherichia coli K-12 MG1655,MG1655,M9,glucose(2),NH4Cl(1),O2,,,37,5.5,,Batch,,No,,MiSeq,,,2,97.99,doi.org/10.1038/ncomms8970,GSE66482
acid__wt_ph5__2,Acid,acid,wt_ph5,2,Escherichia coli K-12 MG1655,MG1655,M9,glucose(2),NH4Cl(1),O2,,,37,5.5,,Batch,,No,,MiSeq,,,2,98.37,doi.org/10.1038/ncomms8970,GSE66482
acid__delgadx_ph5__1,Acid,acid,delgadx_ph5,1,Escherichia coli K-12 MG1655 del_gadX,MG1655,M9,glucose(2),NH4Cl(1),O2,,,37,5.5,Kanamycin,Batch,,No,,MiSeq,,,2,46.76,doi.org/10.1038/ncomms8970,GSE66482
acid__delgadx_ph5__2,Acid,acid,delgadx_ph5,2,Escherichia coli K-12 MG1655 del_gadX,MG1655,M9,glucose(2),NH4Cl(1),O2,,,37,5.5,Kanamycin,Batch,,No,,MiSeq,,,2,78.31,doi.org/10.1038/ncomms8970,GSE66482
acid__delgadw_ph5__1,Acid,acid,delgadw_ph5,1,Escherichia coli K-12 MG1655 del_gadW,MG1655,M9,glucose(2),NH4Cl(1),O2,,,37,5.5,Kanamycin,Batch,,No,,MiSeq,,,2,97.77,doi.org/10.1038/ncomms8970,GSE66482
acid__delgadw_ph5__2,Acid,acid,delgadw_ph5,2,Escherichia coli K-12 MG1655 del_gadW,MG1655,M9,glucose(2),NH4Cl(1),O2,,,37,5.5,Kanamycin,Batch,,No,,MiSeq,,,2,97.8,doi.org/10.1038/ncomms8970,GSE66482
acid__delgade_ph5__1,Acid,acid,delgade_ph5,1,Escherichia coli K-12 MG1655 del_gadE,MG1655,M9,glucose(2),NH4Cl(1),O2,,,37,5.5,Kanamycin,Batch,,No,,MiSeq,,,2,97.82,doi.org/10.1038/ncomms8970,GSE66482
acid__delgade_ph5__2,Acid,acid,delgade_ph5,2,Escherichia coli K-12 MG1655 del_gadE,MG1655,M9,glucose(2),NH4Cl(1),O2,,,37,5.5,Kanamycin,Batch,,No,,MiSeq,,,2,98,doi.org/10.1038/ncomms8970,GSE66482
oxidative__wt_pq__1,Oxidative,oxidative,wt_pq,1,Escherichia coli K-12 MG1655,MG1655,M9,glucose(2),NH4Cl(1),O2,,PQ (250uM),37,7,,Batch,0,No,,MiSeq,,,2,98.7,doi.org/10.1016/j.celrep.2015.07.043,GSE65711
oxidative__wt_pq__2,Oxidative,oxidative,wt_pq,2,Escherichia coli K-12 MG1655,MG1655,M9,glucose(2),NH4Cl(1),O2,,PQ (250uM),37,7,,Batch,0,No,,MiSeq,,,2,98.51,doi.org/10.1016/j.celrep.2015.07.043,GSE65711
oxidative__deloxyr_pq__1,Oxidative,oxidative,deloxyr_pq,1,Escherichia coli K-12 MG1655 del_oxyR,MG1655,M9,glucose(2),NH4Cl(1),O2,,PQ (250uM),37,7,Kanamycin,Batch,0,No,,MiSeq,,,2,98.06,doi.org/10.1016/j.celrep.2015.07.043,GSE65711
oxidative__deloxyr_pq__2,Oxidative,oxidative,deloxyr_pq,2,Escherichia coli K-12 MG1655 del_oxyR,MG1655,M9,glucose(2),NH4Cl(1),O2,,PQ (250uM),37,7,Kanamycin,Batch,0,No,,MiSeq,,,2,97.8,doi.org/10.1016/j.celrep.2015.07.043,GSE65711
oxidative__delsoxr_pq__1,Oxidative,oxidative,delsoxr_pq,1,Escherichia coli K-12 MG1655 del_soxR,MG1655,M9,glucose(2),NH4Cl(1),O2,,PQ (250uM),37,7,Kanamycin,Batch,0,No,,MiSeq,,,2,98.33,doi.org/10.1016/j.celrep.2015.07.043,GSE65711
oxidative__delsoxr_pq__2,Oxidative,oxidative,delsoxr_pq,2,Escherichia coli K-12 MG1655 del_soxR,MG1655,M9,glucose(2),NH4Cl(1),O2,,PQ (250uM),37,7,Kanamycin,Batch,0,No,,MiSeq,,,2,98.41,doi.org/10.1016/j.celrep.2015.07.043,GSE65711
oxidative__delsoxs_pq__1,Oxidative,oxidative,delsoxs_pq,1,Escherichia coli K-12 MG1655 del_soxS,MG1655,M9,glucose(2),NH4Cl(1),O2,,PQ (250uM),37,7,Kanamycin,Batch,0,No,,MiSeq,,,2,97.3,doi.org/10.1016/j.celrep.2015.07.043,GSE65711
oxidative__delsoxs_pq__2,Oxidative,oxidative,delsoxs_pq,2,Escherichia coli K-12 MG1655 del_soxS,MG1655,M9,glucose(2),NH4Cl(1),O2,,PQ (250uM),37,7,Kanamycin,Batch,0,No,,MiSeq,,,2,97.07,doi.org/10.1016/j.celrep.2015.07.043,GSE65711
nac_ntrc__wt_csn__1,Nac/NtrC,nac_ntrc,wt_csn,1,Escherichia coli K-12 MG1655,MG1655,W2,glucose(2),cytosine(2),O2,,,37,7,,Batch,,No,,MiSeq,,,2,93.29,From dissertation: https://escholarship.org/uc/item/0k4709x6,
nac_ntrc__wt_csn__2,Nac/NtrC,nac_ntrc,wt_csn,2,Escherichia coli K-12 MG1655,MG1655,W2,glucose(2),cytosine(2),O2,,,37,7,,Batch,,No,,MiSeq,,,2,96.3,From dissertation: https://escholarship.org/uc/item/0k4709x6,
nac_ntrc__wt_cytd__1,Nac/NtrC,nac_ntrc,wt_cytd,1,Escherichia coli K-12 MG1655,MG1655,W2,glucose(2),cytidine(2),O2,,,37,7,,Batch,,No,,MiSeq,,,2,93.16,From dissertation: https://escholarship.org/uc/item/0k4709x6,
nac_ntrc__wt_cytd__2,Nac/NtrC,nac_ntrc,wt_cytd,2,Escherichia coli K-12 MG1655,MG1655,W2,glucose(2),cytidine(2),O2,,,37,7,,Batch,,No,,MiSeq,,,2,92.52,From dissertation: https://escholarship.org/uc/item/0k4709x6,
nac_ntrc__wt_gln__1,Nac/NtrC,nac_ntrc,wt_gln,1,Escherichia coli K-12 MG1655,MG1655,W2,glucose(2),glutamine(2),O2,,,37,7,,Batch,,No,,MiSeq,,,2,95.86,From dissertation: https://escholarship.org/uc/item/0k4709x6,
nac_ntrc__wt_gln__2,Nac/NtrC,nac_ntrc,wt_gln,2,Escherichia coli K-12 MG1655,MG1655,W2,glucose(2),glutamine(2),O2,,,37,7,,Batch,,No,,MiSeq,,,2,94.27,From dissertation: https://escholarship.org/uc/item/0k4709x6,
nac_ntrc__bw_delnac_csn__1,Nac/NtrC,nac_ntrc,bw_delnac_csn,1,Escherichia coli K-12 BW25113 del_nac,BW25113,W2,glucose(2),cytosine(2),O2,,,37,7,Kanamycin,Batch,,No,,MiSeq,,,2,97.37,From dissertation: https://escholarship.org/uc/item/0k4709x6,
nac_ntrc__bw_delnac_csn__2,Nac/NtrC,nac_ntrc,bw_delnac_csn,2,Escherichia coli K-12 BW25113 del_nac,BW25113,W2,glucose(2),cytosine(2),O2,,,37,7,Kanamycin,Batch,,No,,MiSeq,,,2,98.11,From dissertation: https://escholarship.org/uc/item/0k4709x6,
nac_ntrc__bw_delnac_cytd__1,Nac/NtrC,nac_ntrc,bw_delnac_cytd,1,Escherichia coli K-12 BW25113 del_nac,BW25113,W2,glucose(2),cytidine(2),O2,,,37,7,Kanamycin,Batch,,No,,MiSeq,,,2,98,From dissertation: https://escholarship.org/uc/item/0k4709x6,
nac_ntrc__bw_delnac_cytd__2,Nac/NtrC,nac_ntrc,bw_delnac_cytd,2,Escherichia coli K-12 BW25113 del_nac,BW25113,W2,glucose(2),cytidine(2),O2,,,37,7,Kanamycin,Batch,,No,,MiSeq,,,2,97.74,From dissertation: https://escholarship.org/uc/item/0k4709x6,
nac_ntrc__bw_delnac_gln__1,Nac/NtrC,nac_ntrc,bw_delnac_gln,1,Escherichia coli K-12 BW25113 del_nac,BW25113,W2,glucose(2),glutamine(2),O2,,,37,7,Kanamycin,Batch,,No,,MiSeq,,,2,97.28,From dissertation: https://escholarship.org/uc/item/0k4709x6,
nac_ntrc__bw_delnac_gln__2,Nac/NtrC,nac_ntrc,bw_delnac_gln,2,Escherichia coli K-12 BW25113 del_nac,BW25113,W2,glucose(2),glutamine(2),O2,,,37,7,Kanamycin,Batch,,No,,MiSeq,,,2,97.17,From dissertation: https://escholarship.org/uc/item/0k4709x6,
nac_ntrc__bw_delnac_nh4__1,Nac/NtrC,nac_ntrc,bw_delnac_nh4,1,Escherichia coli K-12 BW25113 del_nac,BW25113,M9,glucose(2),NH4Cl(1),O2,,,37,7,Kanamycin,Batch,,No,,MiSeq,,,2,98.03,From dissertation: https://escholarship.org/uc/item/0k4709x6,
nac_ntrc__bw_delnac_nh4__2,Nac/NtrC,nac_ntrc,bw_delnac_nh4,2,Escherichia coli K-12 BW25113 del_nac,BW25113,M9,glucose(2),NH4Cl(1),O2,,,37,7,Kanamycin,Batch,,No,,MiSeq,,,2,97.93,From dissertation: https://escholarship.org/uc/item/0k4709x6,
misc__wt_no_te__1,Misc,misc,wt_no_te,1,Escherichia coli K-12 MG1655,MG1655,M9,glucose(4),NH4Cl(1),O2,,,37,7,,Batch,,No,,MiSeq,,,2,98.3,,GSE122211
misc__wt_no_te__2,Misc,misc,wt_no_te,2,Escherichia coli K-12 MG1655,MG1655,M9,glucose(4),NH4Cl(1),O2,,,37,7,,Batch,,No,,MiSeq,,,2,98.23,,GSE122211
misc__bw_delcbl__1,Misc,misc,bw_delcbl,1,Escherichia coli K-12 BW25113 del_cbl,BW25113,M9,glucose(4),NH4Cl(1),O2,sauer trace element mixture,,37,7,Kanamycin,Batch,,No,,MiSeq,,,2,98.7,,GSE122211
misc__bw_delcbl__2,Misc,misc,bw_delcbl,2,Escherichia coli K-12 BW25113 del_cbl,BW25113,M9,glucose(4),NH4Cl(1),O2,sauer trace element mixture,,37,7,Kanamycin,Batch,,No,,MiSeq,,,2,98.6,,GSE122211
misc__bw_delfabr__1,Misc,misc,bw_delfabr,1,Escherichia coli K-12 BW25113 del_fabR,BW25113,M9,glucose(4),NH4Cl(1),O2,sauer trace element mixture,,37,7,Kanamycin,Batch,,No,,MiSeq,,,2,98.5,,GSE122211
misc__bw_delfabr__2,Misc,misc,bw_delfabr,2,Escherichia coli K-12 BW25113 del_fabR,BW25113,M9,glucose(4),NH4Cl(1),O2,sauer trace element mixture,,37,7,Kanamycin,Batch,,No,,MiSeq,,,2,98.42,,GSE122211
misc__bw_delfadr__1,Misc,misc,bw_delfadr,1,Escherichia coli K-12 BW25113 del_fadR,BW25113,M9,glucose(4),NH4Cl(1),O2,sauer trace element mixture,,37,7,Kanamycin,Batch,,No,,MiSeq,,,2,98.4,,GSE122211
misc__bw_delfadr__2,Misc,misc,bw_delfadr,2,Escherichia coli K-12 BW25113 del_fadR,BW25113,M9,glucose(4),NH4Cl(1),O2,sauer trace element mixture,,37,7,Kanamycin,Batch,,No,,MiSeq,,,2,98.36,,GSE122211
misc__nitr_031__1,Misc,misc,nitr_031,1,Escherichia coli K-12 MG1655,MG1655,M9,glucose(4),NH4Cl(10mM),O2,sauer trace element mixture,,37,7,,Chemostat,,No,,MiSeq,,chemostat w/ dilution rate 0.31 h^-1,1,96.86,,GSE72020
omics__wt_glu__1,Omics,omics,wt_glu,1,Escherichia coli K-12 MG1655,MG1655,M9,glucose(4),NH4Cl(1),O2,sauer trace element mixture,glutamate (10mM),37,7,,Batch,,No,,MiSeq,,,2,96.92,,GSE122211
omics__wt_glu__2,Omics,omics,wt_glu,2,Escherichia coli K-12 MG1655,MG1655,M9,glucose(4),NH4Cl(1),O2,sauer trace element mixture,glutamate (10mM),37,7,,Batch,,No,,MiSeq,,,2,97.88,,GSE122211
omics__wt_gly__1,Omics,omics,wt_gly,1,Escherichia coli K-12 MG1655,MG1655,M9,glucose(4),NH4Cl(1),O2,sauer trace element mixture,glycine (10mM),37,7,,Batch,,No,,MiSeq,,,2,91.98,doi.org/10.1038/ncomms13091,GSE59760
omics__wt_gly__2,Omics,omics,wt_gly,2,Escherichia coli K-12 MG1655,MG1655,M9,glucose(4),NH4Cl(1),O2,sauer trace element mixture,glycine (10mM),37,7,,Batch,,No,,MiSeq,,,2,82.97,doi.org/10.1038/ncomms13091,GSE59760
omics__wt_thr__1,Omics,omics,wt_thr,1,Escherichia coli K-12 MG1655,MG1655,M9,glucose(4),NH4Cl(1),O2,sauer trace element mixture,threonine (10mM),37,7,,Batch,,No,,MiSeq,,,2,97.65,doi.org/10.1038/ncomms13091,GSE59760
omics__wt_thr__2,Omics,omics,wt_thr,2,Escherichia coli K-12 MG1655,MG1655,M9,glucose(4),NH4Cl(1),O2,sauer trace element mixture,threonine (10mM),37,7,,Batch,,No,,MiSeq,,,2,92.68,doi.org/10.1038/ncomms13091,GSE59760
omics__bw_ac__1,Omics,omics,bw_ac,1,Escherichia coli BW25113,BW25113,M9,acetate(3.5),NH4Cl(1),O2,aebersold trace element mixture,"thiamine (1.4mM), FeCl3 (60uM)",37,7,,Batch,0.2,No,,MiSeq,,,2,97.8,doi.org/10.1038/ncomms13091,GSE59759
omics__bw_ac__2,Omics,omics,bw_ac,2,Escherichia coli BW25113,BW25113,M9,acetate(3.5),NH4Cl(1),O2,aebersold trace element mixture,"thiamine (1.4mM), FeCl3 (60uM)",37,7,,Batch,0.2,No,,MiSeq,,,2,98.04,doi.org/10.1038/ncomms13091,GSE59759
omics__bw_fum__1,Omics,omics,bw_fum,1,Escherichia coli BW25113,BW25113,M9,fumarate(2.8),NH4Cl(1),O2,aebersold trace element mixture,"thiamine (1.4mM), FeCl3 (60uM)",37,7,,Batch,0.31,No,,MiSeq,,,2,97.94,doi.org/10.1038/ncomms13091,GSE59759
omics__bw_fum__2,Omics,omics,bw_fum,2,Escherichia coli BW25113,BW25113,M9,fumarate(2.8),NH4Cl(1),O2,aebersold trace element mixture,"thiamine (1.4mM), FeCl3 (60uM)",37,7,,Batch,0.31,No,,MiSeq,,,2,98.32,doi.org/10.1038/ncomms13091,GSE59759
omics__bw_glc__1,Omics,omics,bw_glc,1,Escherichia coli BW25113,BW25113,M9,glucose(5),NH4Cl(1),O2,aebersold trace element mixture,"thiamine (1.4mM), FeCl3 (60uM)",37,7,,Batch,0.61,No,,MiSeq,,,2,97.62,doi.org/10.1038/ncomms13091,GSE59759
omics__bw_glc__2,Omics,omics,bw_glc,2,Escherichia coli BW25113,BW25113,M9,glucose(5),NH4Cl(1),O2,aebersold trace element mixture,"thiamine (1.4mM), FeCl3 (60uM)",37,7,,Batch,0.61,No,,MiSeq,,,2,98.13,doi.org/10.1038/ncomms13091,GSE59759
omics__bw_pyr__1,Omics,omics,bw_pyr,1,Escherichia coli BW25113,BW25113,M9,pyruvate(3.3),NH4Cl(1),O2,aebersold trace element mixture,"thiamine (1.4mM), FeCl3 (60uM)",37,7,,Batch,0.37,No,,MiSeq,,,2,97.36,doi.org/10.1038/ncomms13091,GSE59759
omics__bw_pyr__2,Omics,omics,bw_pyr,2,Escherichia coli BW25113,BW25113,M9,pyruvate(3.3),NH4Cl(1),O2,aebersold trace element mixture,"thiamine (1.4mM), FeCl3 (60uM)",37,7,,Batch,0.37,No,,MiSeq,,,2,97.59,doi.org/10.1038/ncomms13091,GSE59759
ompr__wt_nacl__1,OmpR,ompr,wt_nacl,1,Escherichia coli K-12 MG1655,MG1655,M9,glucose(2),NH4Cl(1),O2,,NaCl (0.3M),37,7,,Batch,0,No,,MiSeq,,,2,97.81,doi.org/10.1038/s41598-017-02110-7,GSE88980
ompr__wt_nacl__2,OmpR,ompr,wt_nacl,2,Escherichia coli K-12 MG1655,MG1655,M9,glucose(2),NH4Cl(1),O2,,NaCl (0.3M),37,7,,Batch,0,No,,MiSeq,,,2,98.81,doi.org/10.1038/s41598-017-02110-7,GSE88980
ompr__bw_delompr_nacl__1,OmpR,ompr,bw_delompr_nacl,1,Escherichia coli K-12 BW25113 del_ompR,MG1655,M9,glucose(2),NH4Cl(1),O2,,NaCl (0.3M),37,7,Kanamycin,Batch,0,No,,MiSeq,,,2,98.56,doi.org/10.1038/s41598-017-02110-7,GSE88980
ompr__bw_delompr_nacl__2,OmpR,ompr,bw_delompr_nacl,2,Escherichia coli K-12 BW25113 del_ompR,MG1655,M9,glucose(2),NH4Cl(1),O2,,NaCl (0.3M),37,7,Kanamycin,Batch,0,No,,MiSeq,,,2,98.6,doi.org/10.1038/s41598-017-02110-7,GSE88980
minspan__wt_ade__1,MinSpan,minspan,wt_ade,1,Escherichia coli K-12 MG1655,MG1655,M9,glucose(4),NH4Cl(1),O2,sauer trace element mixture,adenine (10mM),37,7,,Batch,,No,,GAIIX,,,1,78.38,doi.org/10.15252/msb.20145243,GSE48324
minspan__wt_glc__1,MinSpan,minspan,wt_glc,1,Escherichia coli K-12 MG1655,MG1655,M9,glucose(4),NH4Cl(1),O2,sauer trace element mixture,,37,7,,Batch,,No,,GAIIX,,,4,91.85,doi.org/10.15252/msb.20145243,GSE48324
minspan__wt_glc__2,MinSpan,minspan,wt_glc,2,Escherichia coli K-12 MG1655,MG1655,M9,glucose(4),NH4Cl(1),O2,sauer trace element mixture,,37,7,,Batch,,No,,GAIIX,,,4,91.7,doi.org/10.15252/msb.20145243,GSE48324
minspan__wt_glc__3,MinSpan,minspan,wt_glc,3,Escherichia coli K-12 MG1655,MG1655,M9,glucose(4),NH4Cl(1),O2,sauer trace element mixture,,37,7,,Batch,,No,,GAIIX,,,4,92.12,doi.org/10.15252/msb.20145243,GSE48324
minspan__wt_glc__4,MinSpan,minspan,wt_glc,4,Escherichia coli K-12 MG1655,MG1655,M9,glucose(4),NH4Cl(1),O2,sauer trace element mixture,,37,7,,Batch,,No,,MiSeq,,,4,94.58,,GSE122211
minspan__wt_glc_anaero__1,MinSpan,minspan,wt_glc_anaero,1,Escherichia coli K-12 MG1655,MG1655,M9,glucose(4),NH4Cl(1),,sauer trace element mixture,,37,7,,Batch,,No,,GAIIX,,,2,83.01,doi.org/10.15252/msb.20145243,GSE48324
minspan__wt_glc_anaero__2,MinSpan,minspan,wt_glc_anaero,2,Escherichia coli K-12 MG1655,MG1655,M9,glucose(4),NH4Cl(1),,sauer trace element mixture,,37,7,,Batch,,No,,GAIIX,,,2,72.08,doi.org/10.15252/msb.20145243,GSE48324
minspan__wt_trp__1,MinSpan,minspan,wt_trp,1,Escherichia coli K-12 MG1655,MG1655,M9,glucose(4),NH4Cl(1),O2,sauer trace element mixture,L-tryptophan (20mg/L),37,7,,Batch,,No,,GAIIX,,,1,78.6,doi.org/10.15252/msb.20145243,GSE48324
minspan__bw_delcra_glc__1,MinSpan,minspan,bw_delcra_glc,1,Escherichia coli BW25113 del_cra,BW25113,M9,glucose(4),NH4Cl(1),O2,sauer trace element mixture,,37,7,Kanamycin,Batch,,No,,GAIIX,,,2,84.03,doi.org/10.15252/msb.20145243,GSE48324
minspan__bw_delcra_glc__2,MinSpan,minspan,bw_delcra_glc,2,Escherichia coli BW25113 del_cra,BW25113,M9,glucose(4),NH4Cl(1),O2,sauer trace element mixture,,37,7,Kanamycin,Batch,,No,,MiSeq,,,2,88.78,,GSE122211
minspan__bw_delcra_trp__1,MinSpan,minspan,bw_delcra_trp,1,Escherichia coli BW25113 del_cra,BW25113,M9,glucose(4),NH4Cl(1),O2,sauer trace element mixture,L-tryptophan (20mg/L),37,7,Kanamycin,Batch,,No,,GAIIX,,,1,76.33,doi.org/10.15252/msb.20145243,GSE48324
minspan__bw_delmntr__1,MinSpan,minspan,bw_delmntr,1,Escherichia coli BW25113 del_mntR,BW25113,M9,glucose(4),NH4Cl(1),O2,sauer trace element mixture,,37,7,Kanamycin,Batch,,No,,GAIIX,,,1,92.81,doi.org/10.15252/msb.20145243,GSE48324
minspan__bw_delnac_ade__1,MinSpan,minspan,bw_delnac_ade,1,Escherichia coli BW25113 del_nac,BW25113,M9,glucose(4),NH4Cl(1),O2,sauer trace element mixture,adenine (10mM),37,7,Kanamycin,Batch,,No,,GAIIX,,,1,81.84,doi.org/10.15252/msb.20145243,GSE48324
minspan__bw_delnac_glc__1,MinSpan,minspan,bw_delnac_glc,1,Escherichia coli BW25113 del_nac,BW25113,M9,glucose(4),NH4Cl(1),O2,sauer trace element mixture,,37,7,Kanamycin,Batch,,No,,GAIIX,,,1,90.26,doi.org/10.15252/msb.20145243,GSE48324
cra_crp__wt_ac__1,Cra/Crp,cra_crp,wt_ac,1,Escherichia coli K-12 MG1655,MG1655,M9,acetate(2),NH4Cl(1),O2,aebersold trace element mixture,,37,7,,Batch,0.25,No,,MiSeq,,,2,96.37,doi.org/10.1093/nar/gky069,GSE65643
cra_crp__wt_ac__2,Cra/Crp,cra_crp,wt_ac,2,Escherichia coli K-12 MG1655,MG1655,M9,acetate(2),NH4Cl(1),O2,aebersold trace element mixture,,37,7,,Batch,0.25,No,,MiSeq,,,2,96.01,doi.org/10.1093/nar/gky069,GSE65643
cra_crp__wt_fru__1,Cra/Crp,cra_crp,wt_fru,1,Escherichia coli K-12 MG1655,MG1655,M9,fructose(2),NH4Cl(1),O2,aebersold trace element mixture,,37,7,,Batch,0.53,No,,MiSeq,,,2,97.71,doi.org/10.1093/nar/gky069,GSE65643
cra_crp__wt_fru__2,Cra/Crp,cra_crp,wt_fru,2,Escherichia coli K-12 MG1655,MG1655,M9,fructose(2),NH4Cl(1),O2,aebersold trace element mixture,,37,7,,Batch,0.53,No,,MiSeq,,,2,97.65,doi.org/10.1093/nar/gky069,GSE65643
cra_crp__delcra_ac__1,Cra/Crp,cra_crp,delcra_ac,1,Escherichia coli K-12 MG1655 del_cra,MG1655,M9,acetate(2),NH4Cl(1),O2,aebersold trace element mixture,,37,7,Kanamycin,Batch,0.08,No,,MiSeq,,,2,98.71,doi.org/10.1093/nar/gky069,GSE65643
cra_crp__delcra_ac__2,Cra/Crp,cra_crp,delcra_ac,2,Escherichia coli K-12 MG1655 del_cra,MG1655,M9,acetate(2),NH4Cl(1),O2,aebersold trace element mixture,,37,7,Kanamycin,Batch,0.08,No,,MiSeq,,,2,98.56,doi.org/10.1093/nar/gky069,GSE65643
cra_crp__delcra_fru__1,Cra/Crp,cra_crp,delcra_fru,1,Escherichia coli K-12 MG1655 del_cra,MG1655,M9,fructose(2),NH4Cl(1),O2,aebersold trace element mixture,,37,7,Kanamycin,Batch,0.69,No,,MiSeq,,,2,98.66,doi.org/10.1093/nar/gky069,GSE65643
cra_crp__delcra_fru__2,Cra/Crp,cra_crp,delcra_fru,2,Escherichia coli K-12 MG1655 del_cra,MG1655,M9,fructose(2),NH4Cl(1),O2,aebersold trace element mixture,,37,7,Kanamycin,Batch,0.69,No,,MiSeq,,,2,98.76,doi.org/10.1093/nar/gky069,GSE65643
cra_crp__delcra_glc__1,Cra/Crp,cra_crp,delcra_glc,1,Escherichia coli K-12 MG1655 del_cra,MG1655,M9,glucose(2),NH4Cl(1),O2,aebersold trace element mixture,,37,7,Kanamycin,Batch,0.67,No,,MiSeq,,,2,98.82,doi.org/10.1093/nar/gky069,GSE65643
cra_crp__delcra_glc__2,Cra/Crp,cra_crp,delcra_glc,2,Escherichia coli K-12 MG1655 del_cra,MG1655,M9,glucose(2),NH4Cl(1),O2,aebersold trace element mixture,,37,7,Kanamycin,Batch,0.67,No,,MiSeq,,,2,98.6,doi.org/10.1093/nar/gky069,GSE65643
rpoB__wt_031__1,RpoB Knock-in,rpoB,wt_031,1,Escherichia coli K-12 MG1655,MG1655,M9,glucose(4),NH4Cl(1),O2,,,37,7,,Chemostat,,No,,MiSeq,,chemostat w/ dilution rate 0.31 h^-1,1,98.26,doi.org/10.1016/j.cels.2016.04.003,GSE59377
rpoB__wt_044__1,RpoB Knock-in,rpoB,wt_044,1,Escherichia coli K-12 MG1655,MG1655,M9,glucose(4),NH4Cl(1),O2,,,37,7,,Chemostat,,No,,MiSeq,,chemostat w/ dilution rate 0.44 h^-1,1,97.53,doi.org/10.1016/j.cels.2016.04.003,GSE59377
rpoB__wt_lb__1,RpoB Knock-in,rpoB,wt_lb,1,Escherichia coli K-12 MG1655,MG1655,LB,,,O2,,,37,7,,Batch,1.42,No,,MiSeq,,,2,98.31,doi.org/10.1016/j.cels.2016.04.003,GSE59377
rpoB__wt_lb__2,RpoB Knock-in,rpoB,wt_lb,2,Escherichia coli K-12 MG1655,MG1655,LB,,,O2,,,37,7,,Batch,1.42,No,,MiSeq,,,2,98.46,doi.org/10.1016/j.cels.2016.04.003,GSE59377
rpoB__rpoBE546V_031__1,RpoB Knock-in,rpoB,rpoBE546V_031,1,Escherichia coli K-12 MG1655 rpoBE546V,MG1655,M9,glucose(4),NH4Cl(1),O2,sauer trace element mixture,,37,7,Kanamycin,Chemostat,,No,,MiSeq,,chemostat w/ dilution rate 0.31 h^-1,1,98.2,doi.org/10.1016/j.cels.2016.04.003,GSE59377
rpoB__rpoBE546V_044__1,RpoB Knock-in,rpoB,rpoBE546V_044,1,Escherichia coli K-12 MG1655 rpoBE546V,MG1655,M9,glucose(4),NH4Cl(1),O2,sauer trace element mixture,,37,7,Kanamycin,Chemostat,,No,,MiSeq,,chemostat w/ dilution rate 0.44 h^-1,1,97.57,doi.org/10.1016/j.cels.2016.04.003,GSE59377
rpoB__rpoBE546V_lb__1,RpoB Knock-in,rpoB,rpoBE546V_lb,1,Escherichia coli K-12 MG1655 rpoBE546V,MG1655,LB,,,O2,,,37,7,Kanamycin,Batch,1.34,No,,MiSeq,,,2,98.55,doi.org/10.1016/j.cels.2016.04.003,GSE59377
rpoB__rpoBE546V_lb__2,RpoB Knock-in,rpoB,rpoBE546V_lb,2,Escherichia coli K-12 MG1655 rpoBE546V,MG1655,LB,,,O2,,,37,7,Kanamycin,Batch,1.34,No,,MiSeq,,,2,98.6,doi.org/10.1016/j.cels.2016.04.003,GSE59377
rpoB__rpoBE546V_glc__1,RpoB Knock-in,rpoB,rpoBE546V_glc,1,Escherichia coli K-12 MG1655 rpoBE546V,MG1655,M9,glucose(4),NH4Cl(1),O2,sauer trace element mixture,,37,7,Kanamycin,Batch,0.85,No,,MiSeq,,,1,87.63,doi.org/10.1016/j.cels.2016.04.003,GSE59377
rpoB__rpoBE672K_glc__1,RpoB Knock-in,rpoB,rpoBE672K_glc,1,Escherichia coli K-12 MG1655 rpoBE672K,MG1655,M9,glucose(4),NH4Cl(1),O2,sauer trace element mixture,,37,7,Kanamycin,Batch,0.88,No,,MiSeq,,,2,97.14,doi.org/10.1016/j.cels.2016.04.003,GSE59377
rpoB__rpoBE672K_glc__2,RpoB Knock-in,rpoB,rpoBE672K_glc,2,Escherichia coli K-12 MG1655 rpoBE672K,MG1655,M9,glucose(4),NH4Cl(1),O2,sauer trace element mixture,,37,7,Kanamycin,Batch,0.88,No,,MiSeq,,,2,97.3,doi.org/10.1016/j.cels.2016.04.003,GSE59377
rpoB__rpoBE672K_lb__1,RpoB Knock-in,rpoB,rpoBE672K_lb,1,Escherichia coli K-12 MG1655 rpoBE672K,MG1655,LB,,,O2,,,37,7,Kanamycin,Batch,1.4,No,,MiSeq,,,2,98.52,doi.org/10.1016/j.cels.2016.04.003,GSE59377
rpoB__rpoBE672K_lb__2,RpoB Knock-in,rpoB,rpoBE672K_lb,2,Escherichia coli K-12 MG1655 rpoBE672K,MG1655,LB,,,O2,,,37,7,Kanamycin,Batch,1.4,No,,MiSeq,,,2,98.56,doi.org/10.1016/j.cels.2016.04.003,GSE59377
crp__wt_fru__1,Crp ARs,crp,wt_fru,1,Escherichia coli K-12 MG1655,MG1655,M9,fructose(2),NH4Cl(1),O2,sauer trace element mixture,,37,7,,Batch,,No,,MiSeq,,,1,97.94,doi.org/10.1371/journal.pone.0197272,GSE64849
crp__wt_glyc__1,Crp ARs,crp,wt_glyc,1,Escherichia coli K-12 MG1655,MG1655,M9,glycerol(2),NH4Cl(1),O2,sauer trace element mixture,,37,7,,Batch,,No,,MiSeq,,,2,98.47,doi.org/10.1371/journal.pone.0197272,GSE64849
crp__wt_glyc__2,Crp ARs,crp,wt_glyc,2,Escherichia coli K-12 MG1655,MG1655,M9,glycerol(2),NH4Cl(1),O2,sauer trace element mixture,,37,7,,Batch,,No,,MiSeq,,,2,98.2,doi.org/10.1371/journal.pone.0197272,GSE64849
crp__delar1_glyc__1,Crp ARs,crp,delar1_glyc,1,Escherichia coli K-12 MG1655 crp_delAr1,MG1655,M9,glycerol(2),NH4Cl(1),O2,sauer trace element mixture,,37,7,Kanamycin,Batch,,No,,MiSeq,,,2,94.77,doi.org/10.1371/journal.pone.0197272,GSE64849
crp__delar1_glyc__2,Crp ARs,crp,delar1_glyc,2,Escherichia coli K-12 MG1655 crp_delAr1,MG1655,M9,glycerol(2),NH4Cl(1),O2,sauer trace element mixture,,37,7,Kanamycin,Batch,,No,,MiSeq,,,2,95.1,doi.org/10.1371/journal.pone.0197272,GSE64849
crp__delar1ar2_glyc__1,Crp ARs,crp,delar1ar2_glyc,1,Escherichia coli K-12 MG1655 crp_delAr1delAr2,MG1655,M9,glycerol(2),NH4Cl(1),O2,sauer trace element mixture,,37,7,Kanamycin,Batch,,No,,MiSeq,,,3,95.49,doi.org/10.1371/journal.pone.0197272,GSE64849
crp__delar1ar2_glyc__2,Crp ARs,crp,delar1ar2_glyc,2,Escherichia coli K-12 MG1655 crp_delAr1delAr2,MG1655,M9,glycerol(2),NH4Cl(1),O2,sauer trace element mixture,,37,7,Kanamycin,Batch,,No,,MiSeq,,,3,95.8,doi.org/10.1371/journal.pone.0197272,GSE64849
crp__delar1ar2_glyc__3,Crp ARs,crp,delar1ar2_glyc,3,Escherichia coli K-12 MG1655 crp_delAr1delAr2,MG1655,M9,glycerol(2),NH4Cl(1),O2,sauer trace element mixture,,37,7,Kanamycin,Batch,,No,,MiSeq,,,3,95.57,doi.org/10.1371/journal.pone.0197272,GSE64849
crp__delar2_glyc__1,Crp ARs,crp,delar2_glyc,1,Escherichia coli K-12 MG1655 crp_delAr2,MG1655,M9,glycerol(2),NH4Cl(1),O2,sauer trace element mixture,,37,7,Kanamycin,Batch,,No,,MiSeq,,,3,96.07,doi.org/10.1371/journal.pone.0197272,GSE64849
crp__delar2_glyc__2,Crp ARs,crp,delar2_glyc,2,Escherichia coli K-12 MG1655 crp_delAr2,MG1655,M9,glycerol(2),NH4Cl(1),O2,sauer trace element mixture,,37,7,Kanamycin,Batch,,No,,MiSeq,,,3,96.07,doi.org/10.1371/journal.pone.0197272,GSE64849
crp__delar2_glyc__3,Crp ARs,crp,delar2_glyc,3,Escherichia coli K-12 MG1655 crp_delAr2,MG1655,M9,glycerol(2),NH4Cl(1),O2,sauer trace element mixture,,37,7,Kanamycin,Batch,,No,,MiSeq,,,3,96.6,doi.org/10.1371/journal.pone.0197272,GSE64849
crp__delcrp_fru__1,Crp ARs,crp,delcrp_fru,1,Escherichia coli K-12 MG1655 del_crp,MG1655,M9,fructose(2),NH4Cl(1),O2,sauer trace element mixture,,37,7,Kanamycin,Batch,,No,,MiSeq,,,3,97.28,doi.org/10.1371/journal.pone.0197272,GSE64849
crp__delcrp_fru__2,Crp ARs,crp,delcrp_fru,2,Escherichia coli K-12 MG1655 del_crp,MG1655,M9,fructose(2),NH4Cl(1),O2,sauer trace element mixture,,37,7,Kanamycin,Batch,,No,,MiSeq,,,3,97.49,doi.org/10.1371/journal.pone.0197272,GSE64849
crp__delcrp_fru__3,Crp ARs,crp,delcrp_fru,3,Escherichia coli K-12 MG1655 del_crp,MG1655,M9,fructose(2),NH4Cl(1),O2,sauer trace element mixture,,37,7,Kanamycin,Batch,,No,,MiSeq,,,3,97.18,doi.org/10.1371/journal.pone.0197272,GSE64849
crp__delcrp_glc__1,Crp ARs,crp,delcrp_glc,1,Escherichia coli K-12 MG1655 del_crp,MG1655,M9,glucose(2),NH4Cl(1),O2,sauer trace element mixture,,37,7,Kanamycin,Batch,,No,,MiSeq,,,3,97.38,doi.org/10.1371/journal.pone.0197272,GSE64849
crp__delcrp_glc__2,Crp ARs,crp,delcrp_glc,2,Escherichia coli K-12 MG1655 del_crp,MG1655,M9,glucose(2),NH4Cl(1),O2,sauer trace element mixture,,37,7,Kanamycin,Batch,,No,,MiSeq,,,3,97.48,doi.org/10.1371/journal.pone.0197272,GSE64849
crp__delcrp_glc__3,Crp ARs,crp,delcrp_glc,3,Escherichia coli K-12 MG1655 del_crp,MG1655,M9,glucose(2),NH4Cl(1),O2,sauer trace element mixture,,37,7,Kanamycin,Batch,,No,,MiSeq,,,3,97.43,doi.org/10.1371/journal.pone.0197272,GSE64849
crp__delcrp_glyc__1,Crp ARs,crp,delcrp_glyc,1,Escherichia coli K-12 MG1655 del_crp,MG1655,M9,glycerol(2),NH4Cl(1),O2,sauer trace element mixture,,37,7,Kanamycin,Batch,,No,,MiSeq,,,3,97.47,doi.org/10.1371/journal.pone.0197272,GSE64849
crp__delcrp_glyc__2,Crp ARs,crp,delcrp_glyc,2,Escherichia coli K-12 MG1655 del_crp,MG1655,M9,glycerol(2),NH4Cl(1),O2,sauer trace element mixture,,37,7,Kanamycin,Batch,,No,,MiSeq,,,3,97.8,doi.org/10.1371/journal.pone.0197272,GSE64849
crp__delcrp_glyc__3,Crp ARs,crp,delcrp_glyc,3,Escherichia coli K-12 MG1655 del_crp,MG1655,M9,glycerol(2),NH4Cl(1),O2,sauer trace element mixture,,37,7,Kanamycin,Batch,,No,,MiSeq,,,3,97.65,doi.org/10.1371/journal.pone.0197272,GSE64849
glu__glu_ale3__1,Glucose Evolution,glu,glu_ale3,1,Escherichia coli GLU.3.412.1,MG1655,M9,glucose(4),NH4Cl(1),O2,sauer trace element mixture,,37,7,,Batch,1.01,Endpoint,Clonal,MiSeq,GLU 3.412.1.1,GLU A3 F412 I1,1,98.88,doi.org/10.1128/AEM.02246-14,GSE61327
glu__glu_ale4__1,Glucose Evolution,glu,glu_ale4,1,Escherichia coli GLU.4.403.1,MG1655,M9,glucose(4),NH4Cl(1),O2,sauer trace element mixture,,37,7,,Batch,0.98,Endpoint,Clonal,MiSeq,GLU 4.403.1.1,GLU A4 F403 I1,1,98.94,doi.org/10.1128/AEM.02246-14,GSE61327
glu__glu_ale5__1,Glucose Evolution,glu,glu_ale5,1,Escherichia coli GLU.5.288.1,MG1655,M9,glucose(4),NH4Cl(1),O2,sauer trace element mixture,,37,7,,Batch,1.01,Endpoint,Clonal,MiSeq,GLU 5.288.1.1,GLU A5 F288 I1,1,98.99,doi.org/10.1128/AEM.02246-14,GSE61327
glu__glu_ale6__1,Glucose Evolution,glu,glu_ale6,1,Escherichia coli GLU.6.406.1,MG1655,M9,glucose(4),NH4Cl(1),O2,sauer trace element mixture,,37,7,,Batch,1,Endpoint,Clonal,MiSeq,GLU 6.406.1.1,GLU A6 F406 I1,1,98.06,doi.org/10.1128/AEM.02246-14,GSE61327
glu__glu_ale8__1,Glucose Evolution,glu,glu_ale8,1,Escherichia coli GLU.8.380.1,MG1655,M9,glucose(4),NH4Cl(1),O2,sauer trace element mixture,,37,7,,Batch,0.99,Endpoint,Clonal,MiSeq,GLU 8.380.1.1,GLU A8 F380 I1,1,96.96,doi.org/10.1128/AEM.02246-14,GSE61327
glu__glu_ale9__1,Glucose Evolution,glu,glu_ale9,1,Escherichia coli GLU.9.433.1,MG1655,M9,glucose(4),NH4Cl(1),O2,sauer trace element mixture,,37,7,,Batch,1.01,Endpoint,Clonal,MiSeq,GLU 9.422.1.1,GLU A9 F422 I1,1,97.96,doi.org/10.1128/AEM.02246-14,GSE61327
glu__glu_ale10__1,Glucose Evolution,glu,glu_ale10,1,Escherichia coli GLU.10.418.1,MG1655,M9,glucose(4),NH4Cl(1),O2,sauer trace element mixture,,37,7,,Batch,1.02,Endpoint,Clonal,MiSeq,GLU 10.418.1.1,GLU A10 F418 I1,1,98.42,doi.org/10.1128/AEM.02246-14,GSE61327
42c__wt_42c__1,42C Evolution,42c,wt_42c,1,Escherichia coli K-12 MG1655,MG1655,M9,glucose(4),NH4Cl(1),O2,sauer trace element mixture,,42,7,,Batch,0.82,No,,MiSeq,,,1,98.37,doi.org/10.1093/molbev/msu209,GSE132442
42c__42c_ale1__1,42C Evolution,42c,42c_ale1,1,Escherichia coli 42C.1.124.1,MG1655,M9,glucose(4),NH4Cl(1),O2,sauer trace element mixture,,42,7,,Batch,0.95,Endpoint,Clonal,MiSeq,42C 1.124.1.1,42C A1 F124 I1,1,98.4,doi.org/10.1093/molbev/msu209,GSE132442
42c__42c_ale2__1,42C Evolution,42c,42c_ale2,1,Escherichia coli 42C.2.163.1,MG1655,M9,glucose(4),NH4Cl(1),O2,sauer trace element mixture,,42,7,,Batch,0.97,Endpoint,Clonal,MiSeq,42C 2.163.1.1,42C A2 F163 I1,1,97.51,doi.org/10.1093/molbev/msu209,GSE132442
42c__42c_ale3__1,42C Evolution,42c,42c_ale3,1,Escherichia coli 42C.3.120.1,MG1655,M9,glucose(4),NH4Cl(1),O2,sauer trace element mixture,,42,7,,Batch,0.92,Endpoint,Clonal,MiSeq,42C 3.120.1.1,42C A3 F120 I1,1,97.13,doi.org/10.1093/molbev/msu209,GSE132442
42c__42c_ale4__1,42C Evolution,42c,42c_ale4,1,Escherichia coli 42C.4.161.1,MG1655,M9,glucose(4),NH4Cl(1),O2,sauer trace element mixture,,42,7,,Batch,1.03,Endpoint,Clonal,MiSeq,42C 4.161.1.1,42C A4 F161 I1,1,97.07,doi.org/10.1093/molbev/msu209,GSE132442
42c__42c_ale5__1,42C Evolution,42c,42c_ale5,1,Escherichia coli 42C.5.125.1,MG1655,M9,glucose(4),NH4Cl(1),O2,sauer trace element mixture,,42,7,,Batch,0.94,Endpoint,Clonal,MiSeq,42C 5.125.1.1,42C A5 F125 I1,1,97.06,doi.org/10.1093/molbev/msu209,GSE132442
42c__42c_ale6__1,42C Evolution,42c,42c_ale6,1,Escherichia coli 42C.6.164.1,MG1655,M9,glucose(4),NH4Cl(1),O2,sauer trace element mixture,,42,7,,Batch,0.97,Endpoint,Clonal,MiSeq,42C 6.164.1.1,42C A6 F164 I1,1,97.77,doi.org/10.1093/molbev/msu209,GSE132442
42c__42c_ale8__1,42C Evolution,42c,42c_ale8,1,Escherichia coli 42C.8.164.1,MG1655,M9,glucose(4),NH4Cl(1),O2,sauer trace element mixture,,42,7,,Batch,0.95,Endpoint,Clonal,MiSeq,42C 8.164.1.1,42C A8 F164 I1,1,97.04,doi.org/10.1093/molbev/msu209,GSE132442
42c__42c_ale9__1,42C Evolution,42c,42c_ale9,1,Escherichia coli 42C.9.131.1,MG1655,M9,glucose(4),NH4Cl(1),O2,sauer trace element mixture,,42,7,,Batch,0.92,Endpoint,Clonal,MiSeq,42C 9.131.1.1,42C A9 F131 I1,1,96.38,doi.org/10.1093/molbev/msu209,GSE132442
42c__42c_ale10__1,42C Evolution,42c,42c_ale10,1,Escherichia coli 42C.10.153.1,MG1655,M9,glucose(4),NH4Cl(1),O2,sauer trace element mixture,,42,7,,Batch,0.98,Endpoint,Clonal,MiSeq,42C 10.153.1.1,42C A10 F153 I1,1,96.91,doi.org/10.1093/molbev/msu209,GSE132442
ssw__wt_ac__1,Substrate-switching Evolution,ssw,wt_ac,1,Escherichia coli K-12 MG1655,MG1655,M9,acetate(4),NH4Cl(1),O2,sauer trace element mixture,,37,7,,Batch,0.27,No,,HiSeq 2000,,,1,98.19,doi.org/10.1128/AEM.00410-17,GSE97944
ssw__wt_glc__1,Substrate-switching Evolution,ssw,wt_glc,1,Escherichia coli K-12 MG1655,MG1655,M9,glucose(4),NH4Cl(1),O2,sauer trace element mixture,,37,7,,Batch,0.73,No,,HiSeq 2000,,,1,95.37,doi.org/10.1128/AEM.00410-17,GSE97944
ssw__wt_glyc__1,Substrate-switching Evolution,ssw,wt_glyc,1,Escherichia coli K-12 MG1655,MG1655,M9,glycerol(2.5),NH4Cl(1),O2,sauer trace element mixture,,37,7,,Batch,0.45,No,,HiSeq 2000,,,1,98.01,doi.org/10.1128/AEM.00410-17,GSE97944
ssw__wt_xyl__1,Substrate-switching Evolution,ssw,wt_xyl,1,Escherichia coli K-12 MG1655,MG1655,M9,xylose(4),NH4Cl(1),O2,sauer trace element mixture,,37,7,,Batch,0.55,No,,HiSeq 2000,,,1,97.99,doi.org/10.1128/AEM.00410-17,GSE97944
ssw__glc_ale1__1,Substrate-switching Evolution,ssw,glc_ale1,1,Escherichia coli C13.1.133.1,MG1655,M9,glucose(4),NH4Cl(1),O2,sauer trace element mixture,,37,7,,Batch,0.96,Endpoint,Clonal,HiSeq 2000,C13 1.133.1.1,C13 A1 F133 I1,1,55.43,doi.org/10.1128/AEM.00410-17,GSE97944
ssw__glc_ale2__1,Substrate-switching Evolution,ssw,glc_ale2,1,Escherichia coli C13.1.134.1,MG1655,M9,glucose(4),NH4Cl(1),O2,sauer trace element mixture,,37,7,,Batch,0.99,Endpoint,Clonal,HiSeq 2000,C13 1.134.1.1,C13 A1 F134 I1,1,60.57,doi.org/10.1128/AEM.00410-17,GSE97944
ssw__glc_ale3__1,Substrate-switching Evolution,ssw,glc_ale3,1,Escherichia coli C13.6.133.1,MG1655,M9,glucose(4),NH4Cl(1),O2,sauer trace element mixture,,37,7,,Batch,0.97,Endpoint,Clonal,HiSeq 2000,C13 6.133.1.1,C13 A6 F133 I1,1,59.6,doi.org/10.1128/AEM.00410-17,GSE97944
ssw__glyc_ale1__1,Substrate-switching Evolution,ssw,glyc_ale1,1,Escherichia coli SSW_GLY.1.45.1,MG1655,M9,glycerol(2.5),NH4Cl(1),O2,sauer trace element mixture,,37,7,,Batch,0.73,Endpoint,Clonal,HiSeq 2000,SSW GLY 1.45.1.1,SSW GLY A1 F45 I1,1,58.83,doi.org/10.1128/AEM.00410-17,GSE97944
ssw__glyc_ale2__1,Substrate-switching Evolution,ssw,glyc_ale2,1,Escherichia coli SSW_GLY.2.45.1,MG1655,M9,glycerol(2.5),NH4Cl(1),O2,sauer trace element mixture,,37,7,,Batch,0.76,Endpoint,Clonal,HiSeq 2000,SSW GLY 2.45.1.1,SSW GLY A2 F45 I1,1,57.67,doi.org/10.1128/AEM.00410-17,GSE97944
ssw__xyl_ale1__1,Substrate-switching Evolution,ssw,xyl_ale1,1,Escherichia coli SSW_XYL.1.20.1,MG1655,M9,xylose(4),NH4Cl(1),O2,sauer trace element mixture,,37,7,,Batch,0.76,Endpoint,Clonal,HiSeq 2000,SSW XYL 1.20.1.1,SSW XYL A1 F20 I1,1,98.15,doi.org/10.1128/AEM.00410-17,GSE97944
ssw__xyl_ale2__1,Substrate-switching Evolution,ssw,xyl_ale2,1,Escherichia coli SSW_XYL.2.20.1,MG1655,M9,xylose(4),NH4Cl(1),O2,sauer trace element mixture,,37,7,,Batch,0.74,Endpoint,Clonal,HiSeq 2000,SSW XYL 2.20.1.1,SSW XYL A2 F20 I1,1,98.31,doi.org/10.1128/AEM.00410-17,GSE97944
ssw__xyl_ale3__1,Substrate-switching Evolution,ssw,xyl_ale3,1,Escherichia coli SSW_XYL.3.20.1,MG1655,M9,xylose(4),NH4Cl(1),O2,sauer trace element mixture,,37,7,,Batch,0.71,Endpoint,Clonal,HiSeq 2000,SSW XYL 3.20.1.1,SSW XYL A3 F20 I1,1,98.06,doi.org/10.1128/AEM.00410-17,GSE97944
ssw__glc_ac_ac2__1,Substrate-switching Evolution,ssw,glc_ac_ac2,1,Escherichia coli SSW_GLU_AC.9.92.4,MG1655,M9,acetate(4),NH4Cl(1),O2,sauer trace element mixture,,37,7,,Batch,0.39,Endpoint,Clonal,HiSeq 2000,SSW GLU AC 9.92.4.1,SSW GLU AC A9 F92 I4,1,98.1,doi.org/10.1128/AEM.00410-17,GSE97944
ssw__glc_ac_glc1__1,Substrate-switching Evolution,ssw,glc_ac_glc1,1,Escherichia coli SSW_GLU_AC.9.92.3,MG1655,M9,glucose(4),NH4Cl(1),O2,sauer trace element mixture,,37,7,,Batch,0.89,Endpoint,Clonal,HiSeq 2000,SSW GLU AC 9.92.3.1,SSW GLU AC A9 F92 I3,1,56.96,doi.org/10.1128/AEM.00410-17,GSE97944
ssw__glc_ac_glc2__1,Substrate-switching Evolution,ssw,glc_ac_glc2,1,Escherichia coli SSW_GLU_AC.9.92.4,MG1655,M9,glucose(4),NH4Cl(1),O2,sauer trace element mixture,,37,7,,Batch,0.9,Endpoint,Clonal,HiSeq 2000,SSW GLU AC 9.92.4.1,SSW GLU AC A9 F92 I4,1,98.06,doi.org/10.1128/AEM.00410-17,GSE97944
ssw__glc_glyc_glc__1,Substrate-switching Evolution,ssw,glc_glyc_glc,1,Escherichia coli SSW_GLU_GLY.4.165.2,MG1655,M9,glucose(4),NH4Cl(1),O2,sauer trace element mixture,,37,7,,Batch,0.93,Endpoint,Clonal,HiSeq 2000,SSW GLU GLY 4.165.2.1,SSW GLU GLY A4 F165 I2,1,98.34,doi.org/10.1128/AEM.00410-17,GSE97944
ssw__glc_glyc_glyc__1,Substrate-switching Evolution,ssw,glc_glyc_glyc,1,Escherichia coli SSW_GLU_GLY.4.165.2,MG1655,M9,glycerol(2.5),NH4Cl(1),O2,sauer trace element mixture,,37,7,,Batch,0.85,Endpoint,Clonal,HiSeq 2000,SSW GLU GLY 4.165.2.1,SSW GLU GLY A4 F165 I2,1,97.8,doi.org/10.1128/AEM.00410-17,GSE97944
ssw__glc_xyl_glc__1,Substrate-switching Evolution,ssw,glc_xyl_glc,1,Escherichia coli SSW_GLU_XYL.2.165.1,MG1655,M9,glucose(4),NH4Cl(1),O2,sauer trace element mixture,,37,7,,Batch,0.96,Endpoint,Clonal,HiSeq 2000,SSW GLU XYL 2.165.1.1,SSW GLU XYL A2 F165 I1,1,98.26,doi.org/10.1128/AEM.00410-17,GSE97944
ssw__glc_xyl_xyl__1,Substrate-switching Evolution,ssw,glc_xyl_xyl,1,Escherichia coli SSW_GLU_XYL.2.165.1,MG1655,M9,xylose(4),NH4Cl(1),O2,sauer trace element mixture,,37,7,,Batch,0.75,Endpoint,Clonal,HiSeq 2000,SSW GLU XYL 2.165.1.1,SSW GLU XYL A2 F165 I1,1,98.13,doi.org/10.1128/AEM.00410-17,GSE97944
pgi__glu4_delpgi__1,PGI KO Evolution,pgi,glu4_delpgi,1,Escherichia coli GLU.4.403.1 del_pgi,MG1655,M9,glucose(2),NH4Cl(1),O2,sauer trace element mixture,,37,7,,Batch,0.18,Endpoint,Clonal,,GLU 4.403.1 w/ pgi KO,GLU A4 F403 I1 w/ pgi KO,1,93.97,doi.org/10.1128/AEM.00823-18,
pgi__pgi_ale1__1,PGI KO Evolution,pgi,pgi_ale1,1,Escherichia coli PGI.1,MG1655,M9,glucose(2),NH4Cl(1),O2,sauer trace element mixture,,37,7,,Batch,0.67,Endpoint,Clonal,,CCK PGI 1.113.1.1,CCK PGI A1 F113 I1,1,92.57,doi.org/10.1128/AEM.00823-18,
pgi__pgi_ale2__1,PGI KO Evolution,pgi,pgi_ale2,1,Escherichia coli PGI.2,MG1655,M9,glucose(2),NH4Cl(1),O2,sauer trace element mixture,,37,7,,Batch,0.6,Endpoint,Clonal,,CCK PGI 2.107.1.1,CCK PGI A2 F107 I1,1,90.17,doi.org/10.1128/AEM.00823-18,
pgi__pgi_ale3__1,PGI KO Evolution,pgi,pgi_ale3,1,Escherichia coli PGI.3,MG1655,M9,glucose(2),NH4Cl(1),O2,sauer trace element mixture,,37,7,,Batch,0.65,Endpoint,Clonal,,CCK PGI 3.108.1.1,CCK PGI A3 F108 I1,1,95.97,doi.org/10.1128/AEM.00823-18,
pgi__pgi_ale5__1,PGI KO Evolution,pgi,pgi_ale5,1,Escherichia coli PGI.5,MG1655,M9,glucose(2),NH4Cl(1),O2,sauer trace element mixture,,37,7,,Batch,0.62,Endpoint,Clonal,,CCK PGI 5.109.1.1,CCK PGI A5 F109 I1,1,92.92,doi.org/10.1128/AEM.00823-18,
pgi__pgi_ale6__1,PGI KO Evolution,pgi,pgi_ale6,1,Escherichia coli PGI.6,MG1655,M9,glucose(2),NH4Cl(1),O2,sauer trace element mixture,,37,7,,Batch,0.68,Endpoint,Clonal,,CCK PGI 6.110.1.1,CCK PGI A6 F110 I1,1,86.39,doi.org/10.1128/AEM.00823-18,
pgi__pgi_ale7__1,PGI KO Evolution,pgi,pgi_ale7,1,Escherichia coli PGI.7,MG1655,M9,glucose(2),NH4Cl(1),O2,sauer trace element mixture,,37,7,,Batch,0.66,Endpoint,Clonal,,CCK PGI 7.97.1.1,CCK PGI A7 F97 I1,1,95.15,doi.org/10.1128/AEM.00823-18,
pgi__pgi_ale8__1,PGI KO Evolution,pgi,pgi_ale8,1,Escherichia coli PGI.8,MG1655,M9,glucose(2),NH4Cl(1),O2,sauer trace element mixture,,37,7,,Batch,0.68,Endpoint,Clonal,,CCK PGI 8.110.1.1,CCK PGI A8 F110 I1,1,95.25,doi.org/10.1128/AEM.00823-18,
ica__wt_glc__1,ICA,ica,wt_glc,1,Escherichia coli K-12 MG1655,MG1655,M9,glucose(2),NH4Cl(1),O2,sauer trace element mixture,,37,7,,Batch,0.58,No,,HiSeq 4000,,,4,96.08,,GSE122295
ica__wt_glc__2,ICA,ica,wt_glc,2,Escherichia coli K-12 MG1655,MG1655,M9,glucose(2),NH4Cl(1),O2,sauer trace element mixture,,37,7,,Batch,0.58,No,,HiSeq 4000,,,4,96.29,,GSE122295
ica__wt_glc__3,ICA,ica,wt_glc,3,Escherichia coli K-12 MG1655,MG1655,M9,glucose(2),NH4Cl(1),O2,sauer trace element mixture,,37,7,,Batch,0.66,No,,HiSeq 4000,,,4,95.35,,GSE122295
ica__wt_glc__4,ICA,ica,wt_glc,4,Escherichia coli K-12 MG1655,MG1655,M9,glucose(2),NH4Cl(1),O2,sauer trace element mixture,,37,7,,Batch,0.66,No,,HiSeq 4000,,,4,94.49,,GSE122295
ica__arg_sbt__1,ICA,ica,arg_sbt,1,Escherichia coli K-12 MG1655,MG1655,M9,sorbitol(4),NH4Cl(1),O2,sauer trace element mixture,L-arginine (5.75mM),37,7,,Batch,0.27,No,,HiSeq 4000,,,2,96.28,,GSE122295
ica__arg_sbt__2,ICA,ica,arg_sbt,2,Escherichia coli K-12 MG1655,MG1655,M9,sorbitol(4),NH4Cl(1),O2,sauer trace element mixture,L-arginine (5.75mM),37,7,,Batch,0.27,No,,HiSeq 4000,,,2,95.54,,GSE122295
ica__cytd_rib__1,ICA,ica,cytd_rib,1,Escherichia coli K-12 MG1655,MG1655,M9,D-ribose(4),NH4Cl(1),O2,sauer trace element mixture,cytidine (1mM),37,7,,Batch,0.31,No,,HiSeq 4000,,,2,95.41,,GSE122295
ica__cytd_rib__2,ICA,ica,cytd_rib,2,Escherichia coli K-12 MG1655,MG1655,M9,D-ribose(4),NH4Cl(1),O2,sauer trace element mixture,cytidine (1mM),37,7,,Batch,0.31,No,,HiSeq 4000,,,2,96.26,,GSE122295
ica__gth__1,ICA,ica,gth,1,Escherichia coli K-12 MG1655,MG1655,M9,glucose(2),NH4Cl(1),O2,sauer trace element mixture w/o MgSO4,glutathione (1mM),37,7,,Batch,0.07,No,,HiSeq 4000,,,2,95.67,,GSE122295
ica__gth__2,ICA,ica,gth,2,Escherichia coli K-12 MG1655,MG1655,M9,glucose(2),NH4Cl(1),O2,sauer trace element mixture w/o MgSO4,glutathione (1mM),37,7,,Batch,0.07,No,,HiSeq 4000,,,2,96.02,,GSE122295
ica__leu_glcr__1,ICA,ica,leu_glcr,1,Escherichia coli K-12 MG1655,MG1655,M9,glucarate(4),NH4Cl(1),O2,sauer trace element mixture,leucine (10mM),37,7,,Batch,0.29,No,,HiSeq 4000,,,2,95.15,,GSE122295
ica__leu_glcr__2,ICA,ica,leu_glcr,2,Escherichia coli K-12 MG1655,MG1655,M9,glucarate(4),NH4Cl(1),O2,sauer trace element mixture,leucine (10mM),37,7,,Batch,0.29,No,,HiSeq 4000,,,2,95.59,,GSE122295
ica__met_glc__1,ICA,ica,met_glc,1,Escherichia coli K-12 MG1655,MG1655,M9,glucose(2),NH4Cl(1),O2,sauer trace element mixture,methionine (5mM),37,7,,Batch,0.74,No,,HiSeq 4000,,,2,95.45,,GSE122295
ica__met_glc__2,ICA,ica,met_glc,2,Escherichia coli K-12 MG1655,MG1655,M9,glucose(2),NH4Cl(1),O2,sauer trace element mixture,methionine (5mM),37,7,,Batch,0.74,No,,HiSeq 4000,,,2,95.65,,GSE122295
ica__no3_anaero__1,ICA,ica,no3_anaero,1,Escherichia coli K-12 MG1655,MG1655,M9,glucose(2),NH4Cl(1),KNO3(20mM),sauer trace element mixture,,37,7,,Batch,0.35,No,,HiSeq 4000,,,2,94.15,,GSE122295
ica__no3_anaero__2,ICA,ica,no3_anaero,2,Escherichia coli K-12 MG1655,MG1655,M9,glucose(2),NH4Cl(1),KNO3(20mM),sauer trace element mixture,,37,7,,Batch,0.35,No,,HiSeq 4000,,,2,94.01,,GSE122295
ica__phe_acgam__1,ICA,ica,phe_acgam,1,Escherichia coli K-12 MG1655,MG1655,M9,N-acetylglucosamine(4),NH4Cl(1),O2,sauer trace element mixture,phenylalanine (5mM),37,7,,Batch,0.63,No,,HiSeq 4000,,,2,96.34,,GSE122295
ica__phe_acgam__2,ICA,ica,phe_acgam,2,Escherichia coli K-12 MG1655,MG1655,M9,N-acetylglucosamine(4),NH4Cl(1),O2,sauer trace element mixture,phenylalanine (5mM),37,7,,Batch,0.63,No,,HiSeq 4000,,,2,96.42,,GSE122295
ica__thm_gal__1,ICA,ica,thm_gal,1,Escherichia coli K-12 MG1655,MG1655,M9,galactose(4),NH4Cl(1),O2,sauer trace element mixture,thiamine (1uM),37,7,,Batch,0.34,No,,HiSeq 4000,,,2,95.98,,GSE122295
ica__thm_gal__2,ICA,ica,thm_gal,2,Escherichia coli K-12 MG1655,MG1655,M9,galactose(4),NH4Cl(1),O2,sauer trace element mixture,thiamine (1uM),37,7,,Batch,0.34,No,,HiSeq 4000,,,2,96.12,,GSE122295
ica__tyr_glcn__1,ICA,ica,tyr_glcn,1,Escherichia coli K-12 MG1655,MG1655,M9,gluconate(4),NH4Cl(1),O2,sauer trace element mixture,tyrosine (5mM),37,7,,Batch,0.57,No,,HiSeq 4000,,,2,95.41,,GSE122295
ica__tyr_glcn__2,ICA,ica,tyr_glcn,2,Escherichia coli K-12 MG1655,MG1655,M9,gluconate(4),NH4Cl(1),O2,sauer trace element mixture,tyrosine (5mM),37,7,,Batch,0.57,No,,HiSeq 4000,,,2,95.47,,GSE122295
ica__ura_pyr__1,ICA,ica,ura_pyr,1,Escherichia coli K-12 MG1655,MG1655,M9,pyruvate(3.3),NH4Cl(1),O2,sauer trace element mixture,uracil (1 mM),37,7,,Batch,0.27,No,,HiSeq 4000,,,2,93.77,,GSE122295
ica__ura_pyr__2,ICA,ica,ura_pyr,2,Escherichia coli K-12 MG1655,MG1655,M9,pyruvate(3.3),NH4Cl(1),O2,sauer trace element mixture,uracil (1 mM),37,7,,Batch,0.27,No,,HiSeq 4000,,,2,93.96,,GSE122295
ica__wt_glc__5,ICA,ica,wt_glc,5,Escherichia coli K-12 MG1655,MG1655,M9,glucose(2),NH4Cl(1),O2,sauer trace element mixture,,37,7,,Batch,0.63,No,,HiSeq 4000,,,2,93.94,,GSE122295
ica__wt_glc__6,ICA,ica,wt_glc,6,Escherichia coli K-12 MG1655,MG1655,M9,glucose(2),NH4Cl(1),O2,sauer trace element mixture,,37,7,,Batch,0.63,No,,HiSeq 4000,,,2,94.85,,GSE122295
ica__bw_delpurR_cytd__1,ICA,ica,bw_delpurR_cytd,1,Escherichia coli K-12 BW25113 del_purR,BW25113,M9,glucose(2),NH4Cl(1),O2,sauer trace element mixture,cytidine (1mM),37,7,,Batch,0.66,No,,HiSeq 4000,,,2,94.8,,GSE122295
ica__bw_delpurR_cytd__2,ICA,ica,bw_delpurR_cytd,2,Escherichia coli K-12 BW25113 del_purR,BW25113,M9,glucose(2),NH4Cl(1),O2,sauer trace element mixture,cytidine (1mM),37,7,,Batch,0.66,No,,HiSeq 4000,,,2,92.69,,GSE122295
ica__ade_glc__1,ICA,ica,ade_glc,1,Escherichia coli K-12 MG1655,MG1655,M9,glucose(2),NH4Cl(1),O2,sauer trace element mixture,adenine (100mg/L),37,7,,Batch,0.78,No,,HiSeq 4000,,,2,92.46,,GSE122295
ica__ade_glc__2,ICA,ica,ade_glc,2,Escherichia coli K-12 MG1655,MG1655,M9,glucose(2),NH4Cl(1),O2,sauer trace element mixture,adenine (100mg/L),37,7,,Batch,0.78,No,,HiSeq 4000,,,2,92.96,,GSE122295
ytf__wt_glc__1,yTF,ytf,wt_glc,1,Escherichia coli K-12 MG1655,MG1655,M9,glucose(2),NH4Cl(1),O2,sauer trace element mixture,,37,7,,Batch,0.69,No,,HiSeq 4000,,,2,95.74,doi.org/10.1093/nar/gky752,GSE111094
ytf__wt_glc__2,yTF,ytf,wt_glc,2,Escherichia coli K-12 MG1655,MG1655,M9,glucose(2),NH4Cl(1),O2,sauer trace element mixture,,37,7,,Batch,0.68,No,,HiSeq 4000,,,2,97.01,doi.org/10.1093/nar/gky752,GSE111094
ytf__delyafC__1,yTF,ytf,delyafC,1,Escherichia coli K-12 MG1655 del_yafC,MG1655,M9,glucose(2),NH4Cl(1),O2,sauer trace element mixture,,37,7,Kanamycin,Batch,0.66,No,,HiSeq 4000,,,2,94.86,doi.org/10.1093/nar/gky752,GSE111094
ytf__delyafC__2,yTF,ytf,delyafC,2,Escherichia coli K-12 MG1655 del_yafC,MG1655,M9,glucose(2),NH4Cl(1),O2,sauer trace element mixture,,37,7,Kanamycin,Batch,0.66,No,,HiSeq 4000,,,2,95.25,doi.org/10.1093/nar/gky752,GSE111094
ytf__delyeiE__1,yTF,ytf,delyeiE,1,Escherichia coli K-12 MG1655 del_yeiE,MG1655,M9,glucose(2),NH4Cl(1),O2,sauer trace element mixture,,37,7,Kanamycin,Batch,0.68,No,,HiSeq 4000,,,2,95.52,doi.org/10.1093/nar/gky752,GSE111094
ytf__delyeiE__2,yTF,ytf,delyeiE,2,Escherichia coli K-12 MG1655 del_yeiE,MG1655,M9,glucose(2),NH4Cl(1),O2,sauer trace element mixture,,37,7,Kanamycin,Batch,0.67,No,,HiSeq 4000,,,2,95.95,doi.org/10.1093/nar/gky752,GSE111094
ytf__delyiaJ__1,yTF,ytf,delyiaJ,1,Escherichia coli K-12 MG1655 del_yiaJ,MG1655,M9,glucose(2),NH4Cl(1),O2,sauer trace element mixture,,37,7,Kanamycin,Batch,0.66,No,,HiSeq 4000,,,2,94.63,doi.org/10.1093/nar/gky752,GSE111094
ytf__delyiaJ__2,yTF,ytf,delyiaJ,2,Escherichia coli K-12 MG1655 del_yiaJ,MG1655,M9,glucose(2),NH4Cl(1),O2,sauer trace element mixture,,37,7,Kanamycin,Batch,0.66,No,,HiSeq 4000,,,2,95.07,doi.org/10.1093/nar/gky752,GSE111094
ytf__delyieP__1,yTF,ytf,delyieP,1,Escherichia coli K-12 MG1655 del_yieP,MG1655,M9,glucose(2),NH4Cl(1),O2,sauer trace element mixture,,37,7,Kanamycin,Batch,0.67,No,,HiSeq 4000,,,2,94.07,doi.org/10.1093/nar/gky752,GSE111094
ytf__delyieP__2,yTF,ytf,delyieP,2,Escherichia coli K-12 MG1655 del_yieP,MG1655,M9,glucose(2),NH4Cl(1),O2,sauer trace element mixture,,37,7,Kanamycin,Batch,0.66,No,,HiSeq 4000,,,2,94.8,doi.org/10.1093/nar/gky752,GSE111094
ytf__wt_ph5__1,yTF,ytf,wt_ph5,1,Escherichia coli K-12 MG1655,MG1655,M9,glucose(2),NH4Cl(1),O2,sauer trace element mixture,,37,5.5,Kanamycin,Batch,0.49,No,,HiSeq 4000,,,2,94.96,doi.org/10.1093/nar/gky752,GSE111094
ytf__wt_ph5__2,yTF,ytf,wt_ph5,2,Escherichia coli K-12 MG1655,MG1655,M9,glucose(2),NH4Cl(1),O2,sauer trace element mixture,,37,5.5,Kanamycin,Batch,0.48,No,,HiSeq 4000,,,2,94.67,doi.org/10.1093/nar/gky752,GSE111094
ytf__wt_ph8__1,yTF,ytf,wt_ph8,1,Escherichia coli K-12 MG1655,MG1655,M9,glucose(2),NH4Cl(1),O2,sauer trace element mixture,,37,8.5,Kanamycin,Batch,0.65,No,,HiSeq 4000,,,2,94.96,doi.org/10.1093/nar/gky752,GSE111094
ytf__wt_ph8__2,yTF,ytf,wt_ph8,2,Escherichia coli K-12 MG1655,MG1655,M9,glucose(2),NH4Cl(1),O2,sauer trace element mixture,,37,8.5,Kanamycin,Batch,0.65,No,,HiSeq 4000,,,2,94.5,doi.org/10.1093/nar/gky752,GSE111094
ytf__delybaO__1,yTF,ytf,delybaO,1,Escherichia coli K-12 MG1655 del_ybaO,MG1655,M9,glucose(2),NH4Cl(1),O2,sauer trace element mixture,,37,7,Kanamycin,Batch,0.62,No,,HiSeq 4000,,,2,94.71,doi.org/10.1093/nar/gky752,GSE111094
ytf__delybaO__2,yTF,ytf,delybaO,2,Escherichia coli K-12 MG1655 del_ybaO,MG1655,M9,glucose(2),NH4Cl(1),O2,sauer trace element mixture,,37,7,Kanamycin,Batch,0.62,No,,HiSeq 4000,,,2,95.01,doi.org/10.1093/nar/gky752,GSE111094
ytf__delybaQ__1,yTF,ytf,delybaQ,1,Escherichia coli K-12 MG1655 del_ybaQ,MG1655,M9,glucose(2),NH4Cl(1),O2,sauer trace element mixture,,37,7,Kanamycin,Batch,0.65,No,,HiSeq 4000,,,2,94.76,doi.org/10.1093/nar/gky752,GSE111094
ytf__delybaQ__2,yTF,ytf,delybaQ,2,Escherichia coli K-12 MG1655 del_ybaQ,MG1655,M9,glucose(2),NH4Cl(1),O2,sauer trace element mixture,,37,7,Kanamycin,Batch,0.66,No,,HiSeq 4000,,,2,94.63,doi.org/10.1093/nar/gky752,GSE111094
ytf__delybiH__1,yTF,ytf,delybiH,1,Escherichia coli K-12 MG1655 del_ybiH,MG1655,M9,glucose(2),NH4Cl(1),O2,sauer trace element mixture,,37,7,Kanamycin,Batch,0.66,No,,HiSeq 4000,,,2,96.35,doi.org/10.1093/nar/gky752,GSE111094
ytf__delybiH__2,yTF,ytf,delybiH,2,Escherichia coli K-12 MG1655 del_ybiH,MG1655,M9,glucose(2),NH4Cl(1),O2,sauer trace element mixture,,37,7,Kanamycin,Batch,0.67,No,,HiSeq 4000,,,2,95.24,doi.org/10.1093/nar/gky752,GSE111094
ytf__delydcI_ph5__1,yTF,ytf,delydcI_ph5,1,Escherichia coli K-12 MG1655 del_ydcI,MG1655,M9,glucose(2),NH4Cl(1),O2,sauer trace element mixture,,37,5.5,Kanamycin,Batch,0.38,No,,HiSeq 4000,,,2,94.2,doi.org/10.1093/nar/gky752,GSE111094
ytf__delydcI_ph5__2,yTF,ytf,delydcI_ph5,2,Escherichia coli K-12 MG1655 del_ydcI,MG1655,M9,glucose(2),NH4Cl(1),O2,sauer trace element mixture,,37,5.5,Kanamycin,Batch,0.39,No,,HiSeq 4000,,,2,94.54,doi.org/10.1093/nar/gky752,GSE111094
ytf__delydcI_ph8__1,yTF,ytf,delydcI_ph8,1,Escherichia coli K-12 MG1655 del_ydcI,MG1655,M9,glucose(2),NH4Cl(1),O2,sauer trace element mixture,,37,8.5,Kanamycin,Batch,0.52,No,,HiSeq 4000,,,2,95.15,doi.org/10.1093/nar/gky752,GSE111094
ytf__delydcI_ph8__2,yTF,ytf,delydcI_ph8,2,Escherichia coli K-12 MG1655 del_ydcI,MG1655,M9,glucose(2),NH4Cl(1),O2,sauer trace element mixture,,37,8.5,Kanamycin,Batch,0.52,No,,HiSeq 4000,,,2,95.5,doi.org/10.1093/nar/gky752,GSE111094
ytf__delyddM__1,yTF,ytf,delyddM,1,Escherichia coli K-12 MG1655 del_yddM,MG1655,M9,glucose(2),NH4Cl(1),O2,sauer trace element mixture,,37,7,Kanamycin,Batch,0.65,No,,HiSeq 4000,,,2,95.08,doi.org/10.1093/nar/gky752,GSE111094
ytf__delyddM__2,yTF,ytf,delyddM,2,Escherichia coli K-12 MG1655 del_yddM,MG1655,M9,glucose(2),NH4Cl(1),O2,sauer trace element mixture,,37,7,Kanamycin,Batch,0.65,No,,HiSeq 4000,,,2,95.41,doi.org/10.1093/nar/gky752,GSE111094
ytf__delyheO__1,yTF,ytf,delyheO,1,Escherichia coli K-12 MG1655 del_yheO,MG1655,M9,glucose(2),NH4Cl(1),O2,sauer trace element mixture,,37,7,Kanamycin,Batch,0.66,No,,HiSeq 4000,,,2,95.09,doi.org/10.1093/nar/gky752,GSE111094
ytf__delyheO__2,yTF,ytf,delyheO,2,Escherichia coli K-12 MG1655 del_yheO,MG1655,M9,glucose(2),NH4Cl(1),O2,sauer trace element mixture,,37,7,Kanamycin,Batch,0.65,No,,HiSeq 4000,,,2,95.13,doi.org/10.1093/nar/gky752,GSE111094
fps__bw_glc__1,False Positives,fps,bw_glc,1,Escherichia coli BW25113,BW25113,M9,glucose(2),NH4Cl(1),O2,sauer trace element mixture,,37,7,,Batch,,No,,NextSeq 550,,,2,88.99,doi.org/10.1186/s12918-018-0653-z,GSE117303
fps__bw_glc__2,False Positives,fps,bw_glc,2,Escherichia coli BW25113,BW25113,M9,glucose(2),NH4Cl(1),O2,sauer trace element mixture,,37,7,,Batch,,No,,NextSeq 550,,,2,88.62,doi.org/10.1186/s12918-018-0653-z,GSE117303
fps__fps_thrA_ale1__1,False Positives,fps,fps_thrA_ale1,1,Escherichia coli FPS thrA.1.5.1,BW25113,M9,glucose(2),NH4Cl(1),O2,sauer trace element mixture,,37,7,,Batch,0.54,Endpoint,Clonal,NextSeq 550,FPS thrA 1.5.1.1,,2,85.9,doi.org/10.1186/s12918-018-0653-z,GSE117303
fps__fps_thrA_ale1__2,False Positives,fps,fps_thrA_ale1,2,Escherichia coli FPS thrA.1.5.1,BW25113,M9,glucose(2),NH4Cl(1),O2,sauer trace element mixture,,37,7,,Batch,0.54,Endpoint,Clonal,NextSeq 550,FPS thrA 1.5.1.1,,2,88.86,doi.org/10.1186/s12918-018-0653-z,GSE117303
fps__fps_thrA_ale2__1,False Positives,fps,fps_thrA_ale2,1,Escherichia coli FPS thrA.2.1.0,BW25113,M9,glucose(2),NH4Cl(1),O2,sauer trace element mixture,,37,7,,Batch,0.52,Endpoint,Population,NextSeq 550,FPS thrA 2.1.0.1,,2,88.52,doi.org/10.1186/s12918-018-0653-z,GSE117303
fps__fps_thrA_ale2__2,False Positives,fps,fps_thrA_ale2,2,Escherichia coli FPS thrA.2.1.0,BW25113,M9,glucose(2),NH4Cl(1),O2,sauer trace element mixture,,37,7,,Batch,0.52,Endpoint,Population,NextSeq 550,FPS thrA 2.1.0.1,,2,88.32,doi.org/10.1186/s12918-018-0653-z,GSE117303
fps__fps_serB_ale1__1,False Positives,fps,fps_serB_ale1,1,Escherichia coli FPS serB.1.5.1,BW25113,M9,glucose(2),NH4Cl(1),O2,sauer trace element mixture,,37,7,,Batch,0.5,Endpoint,Clonal,NextSeq 550,FPS serB 1.5.1.1,,2,88.48,doi.org/10.1186/s12918-018-0653-z,GSE117303
fps__fps_serB_ale1__2,False Positives,fps,fps_serB_ale1,2,Escherichia coli FPS serB.1.5.1,BW25113,M9,glucose(2),NH4Cl(1),O2,sauer trace element mixture,,37,7,,Batch,0.5,Endpoint,Clonal,NextSeq 550,FPS serB 1.5.1.1,,2,87.36,doi.org/10.1186/s12918-018-0653-z,GSE117303
fps__fps_serB_ale4__1,False Positives,fps,fps_serB_ale4,1,Escherichia coli FPS serB.4.1.0,BW25113,M9,glucose(2),NH4Cl(1),O2,sauer trace element mixture,,37,7,,Batch,0.5,Endpoint,Population,NextSeq 550,FPS serB 4.1.0.1,,2,89.86,doi.org/10.1186/s12918-018-0653-z,GSE117303
fps__fps_serB_ale4__2,False Positives,fps,fps_serB_ale4,2,Escherichia coli FPS serB.4.1.0,BW25113,M9,glucose(2),NH4Cl(1),O2,sauer trace element mixture,,37,7,,Batch,0.5,Endpoint,Population,NextSeq 550,FPS serB 4.1.0.1,,2,88.78,doi.org/10.1186/s12918-018-0653-z,GSE117303
fps__fps_ptsI_ale1__1,False Positives,fps,fps_ptsI_ale1,1,Escherichia coli FPS ptsI.1.5.1,BW25113,M9,glucose(2),NH4Cl(1),O2,sauer trace element mixture,,37,7,,Batch,0.41,Endpoint,Clonal,NextSeq 550,FPS ptsI 1.5.1.1,,2,82.6,doi.org/10.1186/s12918-018-0653-z,GSE117303
fps__fps_ptsI_ale1__2,False Positives,fps,fps_ptsI_ale1,2,Escherichia coli FPS ptsI.1.5.1,BW25113,M9,glucose(2),NH4Cl(1),O2,sauer trace element mixture,,37,7,,Batch,0.41,Endpoint,Clonal,NextSeq 550,FPS ptsI 1.5.1.1,,2,89.81,doi.org/10.1186/s12918-018-0653-z,GSE117303
fps__fps_ptsI_ale3__1,False Positives,fps,fps_ptsI_ale3,1,Escherichia coli FPS ptsI.3.1.0,BW25113,M9,glucose(2),NH4Cl(1),O2,sauer trace element mixture,,37,7,,Batch,0.39,Endpoint,Population,NextSeq 550,FPS ptsI 3.1.0.1,,2,89.26,doi.org/10.1186/s12918-018-0653-z,GSE117303
fps__fps_ptsI_ale3__2,False Positives,fps,fps_ptsI_ale3,2,Escherichia coli FPS ptsI.3.1.0,BW25113,M9,glucose(2),NH4Cl(1),O2,sauer trace element mixture,,37,7,,Batch,0.39,Endpoint,Population,NextSeq 550,FPS ptsI 3.1.0.1,,2,89.23,doi.org/10.1186/s12918-018-0653-z,GSE117303
pal__lyx_ale2_f6__1,Enzyme Promiscuity,pal,lyx_ale2_f6,1,Escherichia coli PAL.2.6.1,MG1655,M9,D-lyxose(2),NH4Cl(1),O2,sauer trace element mixture,,37,7,,Batch,0.25,Midpoint,Clonal,HiSeq 2500,D-lyxose 2.6.1.1,,1,97.44,doi.org/10.1101/310946,GSE114358
pal__lyx_ale2__1,Enzyme Promiscuity,pal,lyx_ale2,1,Escherichia coli PAL.2.73.0,MG1655,M9,D-lyxose(2),NH4Cl(1),O2,sauer trace element mixture,,37,7,,Batch,0.45,Endpoint,Population,HiSeq 2500,D-lyxose 2.73.0.1,,2,97.75,doi.org/10.1101/310946,GSE114358
pal__lyx_ale2__2,Enzyme Promiscuity,pal,lyx_ale2,2,Escherichia coli PAL.2.73.0,MG1655,M9,D-lyxose(2),NH4Cl(1),O2,sauer trace element mixture,,37,7,,Batch,0.45,Endpoint,Population,HiSeq 2500,D-lyxose 2.73.0.1,,2,97.57,doi.org/10.1101/310946,GSE114358
pal__lyx_ale4__1,Enzyme Promiscuity,pal,lyx_ale4,1,Escherichia coli PAL.4.90.0,MG1655,M9,D-lyxose(2),NH4Cl(1),O2,sauer trace element mixture,,37,7,,Batch,0.53,Endpoint,Population,HiSeq 2500,D-lyxose 4.90.0.1,,2,97.75,doi.org/10.1101/310946,GSE114358
pal__lyx_ale4__2,Enzyme Promiscuity,pal,lyx_ale4,2,Escherichia coli PAL.4.90.0,MG1655,M9,D-lyxose(2),NH4Cl(1),O2,sauer trace element mixture,,37,7,,Batch,0.53,Endpoint,Population,HiSeq 2500,D-lyxose 4.90.0.1,,2,97.57,doi.org/10.1101/310946,GSE114358
pal__5drib_ale10_f18__1,Enzyme Promiscuity,pal,5drib_ale10_f18,1,Escherichia coli PAL.10.18.1,MG1655,M9,D-2-deoxyribose(2),NH4Cl(1),O2,sauer trace element mixture,,37,7,,Batch,0.3,Midpoint,Clonal,HiSeq 2500,D-2-deoxyribose 10.18.1.1,,2,98.09,doi.org/10.1101/310946,GSE114358
pal__5drib_ale10_f18__2,Enzyme Promiscuity,pal,5drib_ale10_f18,2,Escherichia coli PAL.10.18.1,MG1655,M9,D-2-deoxyribose(2),NH4Cl(1),O2,sauer trace element mixture,,37,7,,Batch,0.3,Midpoint,Clonal,HiSeq 2500,D-2-deoxyribose 10.18.1.1,,2,98.29,doi.org/10.1101/310946,GSE114358
pal__5drib_ale10__1,Enzyme Promiscuity,pal,5drib_ale10,1,Escherichia coli PAL.10.118.0,MG1655,M9,D-2-deoxyribose(2),NH4Cl(1),O2,sauer trace element mixture,,37,7,,Batch,0.43,Endpoint,Population,HiSeq 2500,D-2-deoxyribose 10.118.0.1,,1,97.36,doi.org/10.1101/310946,GSE114358
pal__arab_ale14_f9__1,Enzyme Promiscuity,pal,arab_ale14_f9,1,Escherichia coli PAL.14.9.1,MG1655,M9,D-arabinose(2),NH4Cl(1),O2,sauer trace element mixture,,37,7,,Batch,0.27,Midpoint,Clonal,HiSeq 2500,D-arabinose 14.9.1.1,,2,97.35,doi.org/10.1101/310946,GSE114358
pal__arab_ale14_f9__2,Enzyme Promiscuity,pal,arab_ale14_f9,2,Escherichia coli PAL.14.9.1,MG1655,M9,D-arabinose(2),NH4Cl(1),O2,sauer trace element mixture,,37,7,,Batch,0.27,Midpoint,Clonal,HiSeq 2500,D-arabinose 14.9.1.1,,2,97.71,doi.org/10.1101/310946,GSE114358
pal__arab_ale14__1,Enzyme Promiscuity,pal,arab_ale14,1,Escherichia coli PAL.14.78.0,MG1655,M9,D-arabinose(2),NH4Cl(1),O2,sauer trace element mixture,,37,7,,Batch,0.42,Endpoint,Population,HiSeq 2500,D-arabinose 14.78.0.1,,2,97.76,doi.org/10.1101/310946,GSE114358
pal__arab_ale14__2,Enzyme Promiscuity,pal,arab_ale14,2,Escherichia coli PAL.14.78.0,MG1655,M9,D-arabinose(2),NH4Cl(1),O2,sauer trace element mixture,,37,7,,Batch,0.42,Endpoint,Population,HiSeq 2500,D-arabinose 14.78.0.1,,2,97.75,doi.org/10.1101/310946,GSE114358
pal__arab_ale16__1,Enzyme Promiscuity,pal,arab_ale16,1,Escherichia coli PAL.16.70.0,MG1655,M9,D-arabinose(2),NH4Cl(1),O2,sauer trace element mixture,,37,7,,Batch,0.56,Endpoint,Population,HiSeq 2500,D-arabinose 16.70.0.1,,2,98.15,doi.org/10.1101/310946,GSE114358
pal__arab_ale16__2,Enzyme Promiscuity,pal,arab_ale16,2,Escherichia coli PAL.16.70.0,MG1655,M9,D-arabinose(2),NH4Cl(1),O2,sauer trace element mixture,,37,7,,Batch,0.56,Endpoint,Population,HiSeq 2500,D-arabinose 16.70.0.1,,2,98.09,doi.org/10.1101/310946,GSE114358
pal__tartr_ale26_f10__1,Enzyme Promiscuity,pal,tartr_ale26_f10,1,Escherichia coli PAL.26.10.1,MG1655,M9,m-tartrate(2),NH4Cl(1),O2,sauer trace element mixture,,37,7,,Batch,0.16,Midpoint,Clonal,HiSeq 2500,m-tartrate 26.10.1.1,,2,98.17,doi.org/10.1101/310946,GSE114358
pal__tartr_ale26_f10__2,Enzyme Promiscuity,pal,tartr_ale26_f10,2,Escherichia coli PAL.26.10.1,MG1655,M9,m-tartrate(2),NH4Cl(1),O2,sauer trace element mixture,,37,7,,Batch,0.16,Midpoint,Clonal,HiSeq 2500,m-tartrate 26.10.1.1,,2,98.07,doi.org/10.1101/310946,GSE114358
pal__tartr_ale26__1,Enzyme Promiscuity,pal,tartr_ale26,1,Escherichia coli PAL.26.86.0,MG1655,M9,m-tartrate(2),NH4Cl(1),O2,sauer trace element mixture,,37,7,,Batch,0.28,Endpoint,Population,HiSeq 2500,m-tartrate 26.86.0.1,,2,97.24,doi.org/10.1101/310946,GSE114358
pal__tartr_ale26__2,Enzyme Promiscuity,pal,tartr_ale26,2,Escherichia coli PAL.26.86.0,MG1655,M9,m-tartrate(2),NH4Cl(1),O2,sauer trace element mixture,,37,7,,Batch,0.28,Endpoint,Population,HiSeq 2500,m-tartrate 26.86.0.1,,2,97.59,doi.org/10.1101/310946,GSE114358
pal__tartr_ale28_f10__1,Enzyme Promiscuity,pal,tartr_ale28_f10,1,Escherichia coli PAL.28.10.1,MG1655,M9,m-tartrate(2),NH4Cl(1),O2,sauer trace element mixture,,37,7,,Batch,0.22,Midpoint,Clonal,HiSeq 2500,m-tartrate 28.10.1.1,,2,97.47,doi.org/10.1101/310946,GSE114358
pal__tartr_ale28_f10__2,Enzyme Promiscuity,pal,tartr_ale28_f10,2,Escherichia coli PAL.28.10.1,MG1655,M9,m-tartrate(2),NH4Cl(1),O2,sauer trace element mixture,,37,7,,Batch,0.22,Midpoint,Clonal,HiSeq 2500,m-tartrate 28.10.1.1,,2,97.83,doi.org/10.1101/310946,GSE114358
pal__tartr_ale28__1,Enzyme Promiscuity,pal,tartr_ale28,1,Escherichia coli PAL.28.88.0,MG1655,M9,m-tartrate(2),NH4Cl(1),O2,sauer trace element mixture,,37,7,,Batch,0.41,Endpoint,Population,HiSeq 2500,m-tartrate 28.88.0.1,,2,98.13,doi.org/10.1101/310946,GSE114358
pal__tartr_ale28__2,Enzyme Promiscuity,pal,tartr_ale28,2,Escherichia coli PAL.28.88.0,MG1655,M9,m-tartrate(2),NH4Cl(1),O2,sauer trace element mixture,,37,7,,Batch,0.41,Endpoint,Population,HiSeq 2500,m-tartrate 28.88.0.1,,2,98.04,doi.org/10.1101/310946,GSE114358
efeU__delmenFentC_citr__1,Pseudogene Repair,efeU,delmenFentC_citr,1,Escherichia coli K-12 MG1655 del_menF del_entC,MG1655,M9,glucose(4),NH4Cl(1),O2,sauer trace element mixture,FeCl3 (20 uM) + Na-citrate (10 mM),37,7,,Batch,,No,,HiSeq 4000,,,2,94.04,doi.org/10.1038/s41564-018-0340-2,GSE122779
efeU__delmenFentC_citr__2,Pseudogene Repair,efeU,delmenFentC_citr,2,Escherichia coli K-12 MG1655 del_menF del_entC,MG1655,M9,glucose(4),NH4Cl(1),O2,sauer trace element mixture,FeCl3 (20 uM) + Na-citrate (10 mM),37,7,,Batch,,No,,HiSeq 4000,,,2,92.15,doi.org/10.1038/s41564-018-0340-2,GSE122779
efeU__delmenFentC__1,Pseudogene Repair,efeU,delmenFentC,1,Escherichia coli K-12 MG1655 del_menF del_entC,MG1655,M9,glucose(4),NH4Cl(1),O2,sauer trace element mixture,,37,7,,Batch,,No,,HiSeq 4000,,,2,95.79,doi.org/10.1038/s41564-018-0340-2,GSE122779
efeU__delmenFentC__2,Pseudogene Repair,efeU,delmenFentC,2,Escherichia coli K-12 MG1655 del_menF del_entC,MG1655,M9,glucose(4),NH4Cl(1),O2,sauer trace element mixture,,37,7,,Batch,,No,,HiSeq 4000,,,2,95.07,doi.org/10.1038/s41564-018-0340-2,GSE122779
efeU__menFentC_ale39__1,Pseudogene Repair,efeU,menFentC_ale39,1,Escherichia coli EEP_menF_entC.39.91.1,MG1655,M9,glucose(4),NH4Cl(1),O2,sauer trace element mixture,,37,7,,Batch,0.98,Endpoint,Clonal,HiSeq 4000,EEP menF entC 39.91.1.1,,2,93.68,doi.org/10.1038/s41564-018-0340-2,GSE122779
efeU__menFentC_ale39__2,Pseudogene Repair,efeU,menFentC_ale39,2,Escherichia coli EEP_menF_entC.39.91.1,MG1655,M9,glucose(4),NH4Cl(1),O2,sauer trace element mixture,,37,7,,Batch,0.98,Endpoint,Clonal,HiSeq 4000,EEP menF entC 39.91.1.1,,2,93.85,doi.org/10.1038/s41564-018-0340-2,GSE122779
efeU__menFentC_ale29__1,Pseudogene Repair,efeU,menFentC_ale29,1,Escherichia coli EEP_menF_entC.29.82.1,MG1655,M9,glucose(4),NH4Cl(1),O2,sauer trace element mixture,FeCl3 (20 uM) + Na-citrate (10 mM),37,7,,Batch,0.9,Endpoint,Clonal,HiSeq 4000,EEP menF entC 29.82.1.1,,2,93.36,doi.org/10.1038/s41564-018-0340-2,GSE122779
efeU__menFentC_ale29__2,Pseudogene Repair,efeU,menFentC_ale29,2,Escherichia coli EEP_menF_entC.29.82.1,MG1655,M9,glucose(4),NH4Cl(1),O2,sauer trace element mixture,FeCl3 (20 uM) + Na-citrate (10 mM),37,7,,Batch,0.9,Endpoint,Clonal,HiSeq 4000,EEP menF entC 29.82.1.1,,2,93.1,doi.org/10.1038/s41564-018-0340-2,GSE122779
efeU__menFentC_ale30__1,Pseudogene Repair,efeU,menFentC_ale30,1,Escherichia coli EEP_menF_entC.30.83.1,MG1655,M9,glucose(4),NH4Cl(1),O2,sauer trace element mixture,FeCl3 (20 uM) + Na-citrate (10 mM),37,7,,Batch,0.95,Endpoint,Clonal,HiSeq 4000,EEP menF entC 30.83.1.1,,2,93.94,doi.org/10.1038/s41564-018-0340-2,GSE122779
efeU__menFentC_ale30__2,Pseudogene Repair,efeU,menFentC_ale30,2,Escherichia coli EEP_menF_entC.30.83.1,MG1655,M9,glucose(4),NH4Cl(1),O2,sauer trace element mixture,FeCl3 (20 uM) + Na-citrate (10 mM),37,7,,Batch,0.95,Endpoint,Clonal,HiSeq 4000,EEP menF entC 30.83.1.1,,2,92.83,doi.org/10.1038/s41564-018-0340-2,GSE122779
efeU__menFentCubiC_ale36__1,Pseudogene Repair,efeU,menFentCubiC_ale36,1,Escherichia coli EEP_menF_entC_ubiC.36.86.1,MG1655,M9,glucose(4),NH4Cl(1),O2,sauer trace element mixture,,37,7,,Batch,0.58,Endpoint,Clonal,HiSeq 4000,EEPmenFubiCentC 36.86.1.1,,2,92.9,doi.org/10.1038/s41564-018-0340-2,GSE122779
efeU__menFentCubiC_ale36__2,Pseudogene Repair,efeU,menFentCubiC_ale36,2,Escherichia coli EEP_menF_entC_ubiC.36.86.1,MG1655,M9,glucose(4),NH4Cl(1),O2,sauer trace element mixture,,37,7,,Batch,0.58,Endpoint,Clonal,HiSeq 4000,EEPmenFubiCentC 36.86.1.1,,2,93.44,doi.org/10.1038/s41564-018-0340-2,GSE122779
efeU__menFentCubiC_ale37__1,Pseudogene Repair,efeU,menFentCubiC_ale37,1,Escherichia coli EEP_menF_entC_ubiC.37.25.1,MG1655,M9,glucose(4),NH4Cl(1),O2,sauer trace element mixture,,37,7,,Batch,0.46,Endpoint,Clonal,HiSeq 4000,EEPmenFubiCentC 37.25.1.1,,2,94.89,doi.org/10.1038/s41564-018-0340-2,GSE122779
efeU__menFentCubiC_ale37__2,Pseudogene Repair,efeU,menFentCubiC_ale37,2,Escherichia coli EEP_menF_entC_ubiC.37.25.1,MG1655,M9,glucose(4),NH4Cl(1),O2,sauer trace element mixture,,37,7,,Batch,0.46,Endpoint,Clonal,HiSeq 4000,EEPmenFubiCentC 37.25.1.1,,2,94.62,doi.org/10.1038/s41564-018-0340-2,GSE122779
efeU__menFentCubiC_ale38__1,Pseudogene Repair,efeU,menFentCubiC_ale38,1,Escherichia coli EEP_menF_entC_ubiC.38.28.1,MG1655,M9,glucose(4),NH4Cl(1),O2,sauer trace element mixture,,37,7,,Batch,0.58,Endpoint,Clonal,HiSeq 4000,EEPmenFubiCentC 38.28.1.1,,2,95.65,doi.org/10.1038/s41564-018-0340-2,GSE122779
efeU__menFentCubiC_ale38__2,Pseudogene Repair,efeU,menFentCubiC_ale38,2,Escherichia coli EEP_menF_entC_ubiC.38.28.1,MG1655,M9,glucose(4),NH4Cl(1),O2,sauer trace element mixture,,37,7,,Batch,0.58,Endpoint,Clonal,HiSeq 4000,EEPmenFubiCentC 38.28.1.1,,2,94.94,doi.org/10.1038/s41564-018-0340-2,GSE122779
